2025/08/16 17:31:51 🚀 [API Server] Starting on port 9000
2025/08/16 17:31:51 🐍 [API Server] Python service: http://localhost:8080
2025/08/16 17:31:51 ⚡ [API Server] Workers service: http://localhost:8001
2025/08/16 17:31:51 🐰 [API Server] RabbitMQ: amqp://guest:guest@localhost:5672/
[GIN-debug] [WARNING] Running in "debug" mode. Switch to "release" mode in production.
 - using env:	export GIN_MODE=release
 - using code:	gin.SetMode(gin.ReleaseMode)

2025/08/16 17:31:51 🐰 [RabbitMQ] Connected and exchange declared
[GIN-debug] GET    /ws                       --> demo-event-bus-api/internal/api.SetupRoutes.HandleWebSocket.func4 (4 handlers)
[GIN-debug] GET    /health                   --> demo-event-bus-api/internal/api/handlers.(*Handlers).Health-fm (4 handlers)
[GIN-debug] GET    /api/health               --> demo-event-bus-api/internal/api/handlers.(*Handlers).Health-fm (4 handlers)
[GIN-debug] GET    /static/*filepath         --> github.com/gin-gonic/gin.(*RouterGroup).createStaticHandler.func1 (4 handlers)
[GIN-debug] HEAD   /static/*filepath         --> github.com/gin-gonic/gin.(*RouterGroup).createStaticHandler.func1 (4 handlers)
[GIN-debug] GET    /                         --> demo-event-bus-api/internal/api.SetupRoutes.func1 (4 handlers)
[GIN-debug] POST   /api/go-workers/webhook/events --> demo-event-bus-api/internal/api/handlers.(*Handlers).ReceiveWorkerEvents-fm (4 handlers)
[GIN-debug] GET    /api/state                --> demo-event-bus-api/internal/api/handlers.(*Handlers).GetGameState-fm (4 handlers)
[GIN-debug] POST   /api/reset                --> demo-event-bus-api/internal/api/handlers.(*Handlers).ResetGame-fm (4 handlers)
[GIN-debug] POST   /api/players/quickstart   --> demo-event-bus-api/internal/api/handlers.(*Handlers).QuickstartPlayers-fm (4 handlers)
[GIN-debug] POST   /api/players/start        --> demo-event-bus-api/internal/api/handlers.(*Handlers).StartPlayer-fm (4 handlers)
[GIN-debug] POST   /api/players/delete       --> demo-event-bus-api/internal/api/handlers.(*Handlers).DeletePlayer-fm (4 handlers)
[GIN-debug] POST   /api/players/control      --> demo-event-bus-api/internal/api/handlers.(*Handlers).ControlPlayer-fm (4 handlers)
[GIN-debug] POST   /api/player/start         --> demo-event-bus-api/internal/api/handlers.(*Handlers).StartPlayer-fm (4 handlers)
[GIN-debug] POST   /api/player/delete        --> demo-event-bus-api/internal/api/handlers.(*Handlers).DeletePlayer-fm (4 handlers)
[GIN-debug] POST   /api/player/control       --> demo-event-bus-api/internal/api/handlers.(*Handlers).ControlPlayer-fm (4 handlers)
[GIN-debug] GET    /api/workers/status       --> demo-event-bus-api/internal/api/handlers.(*Handlers).GetWorkersStatus-fm (4 handlers)
[GIN-debug] POST   /api/workers/start        --> demo-event-bus-api/internal/api/handlers.(*Handlers).StartWorker-fm (4 handlers)
[GIN-debug] POST   /api/workers/stop         --> demo-event-bus-api/internal/api/handlers.(*Handlers).StopWorker-fm (4 handlers)
[GIN-debug] POST   /api/workers/control      --> demo-event-bus-api/internal/api/handlers.(*Handlers).ControlWorker-fm (4 handlers)
[GIN-debug] POST   /api/publish              --> demo-event-bus-api/internal/api/handlers.(*Handlers).PublishMessage-fm (4 handlers)
[GIN-debug] POST   /api/publish/wave         --> demo-event-bus-api/internal/api/handlers.(*Handlers).PublishWave-fm (4 handlers)
[GIN-debug] POST   /api/master/start         --> demo-event-bus-api/internal/api/handlers.(*Handlers).StartMaster-fm (4 handlers)
[GIN-debug] POST   /api/master/one           --> demo-event-bus-api/internal/api/handlers.(*Handlers).SendOne-fm (4 handlers)
[GIN-debug] GET    /api/pending/list         --> demo-event-bus-api/internal/api/handlers.(*Handlers).ListPendingMessages-fm (4 handlers)
[GIN-debug] POST   /api/pending/reissue      --> demo-event-bus-api/internal/api/handlers.(*Handlers).ReissuePendingMessages-fm (4 handlers)
[GIN-debug] POST   /api/pending/reissue/all  --> demo-event-bus-api/internal/api/handlers.(*Handlers).ReissueAllPendingMessages-fm (4 handlers)
[GIN-debug] GET    /api/failed/list          --> demo-event-bus-api/internal/api/handlers.(*Handlers).ListFailedMessages-fm (4 handlers)
[GIN-debug] POST   /api/failed/reissue       --> demo-event-bus-api/internal/api/handlers.(*Handlers).ReissueFailedMessages-fm (4 handlers)
[GIN-debug] POST   /api/failed/reissue/all   --> demo-event-bus-api/internal/api/handlers.(*Handlers).ReissueAllFailedMessages-fm (4 handlers)
[GIN-debug] POST   /api/dlq/setup            --> demo-event-bus-api/internal/api/handlers.(*Handlers).SetupDLQ-fm (4 handlers)
[GIN-debug] GET    /api/dlq/list             --> demo-event-bus-api/internal/api/handlers.(*Handlers).ListDLQMessages-fm (4 handlers)
[GIN-debug] POST   /api/dlq/reissue          --> demo-event-bus-api/internal/api/handlers.(*Handlers).ReissueDLQMessages-fm (4 handlers)
[GIN-debug] POST   /api/dlq/reissue/all      --> demo-event-bus-api/internal/api/handlers.(*Handlers).ReissueAllDLQMessages-fm (4 handlers)
[GIN-debug] GET    /api/unroutable/list      --> demo-event-bus-api/internal/api/handlers.(*Handlers).ListUnroutableMessages-fm (4 handlers)
[GIN-debug] POST   /api/unroutable/reissue   --> demo-event-bus-api/internal/api/handlers.(*Handlers).ReissueUnroutableMessages-fm (4 handlers)
[GIN-debug] POST   /api/unroutable/reissue/all --> demo-event-bus-api/internal/api/handlers.(*Handlers).ReissueAllUnroutableMessages-fm (4 handlers)
[GIN-debug] GET    /api/chaos/status         --> demo-event-bus-api/internal/api/handlers.(*Handlers).GetChaosStatus-fm (4 handlers)
[GIN-debug] POST   /api/chaos/arm            --> demo-event-bus-api/internal/api/handlers.(*Handlers).ArmChaos-fm (4 handlers)
[GIN-debug] POST   /api/chaos/disarm         --> demo-event-bus-api/internal/api/handlers.(*Handlers).DisarmChaos-fm (4 handlers)
[GIN-debug] POST   /api/chaos/config         --> demo-event-bus-api/internal/api/handlers.(*Handlers).SetChaosConfig-fm (4 handlers)
[GIN-debug] GET    /api/scenario-tests/      --> demo-event-bus-api/internal/api/handlers.(*Handlers).ListAvailableScenarioTests-fm (4 handlers)
[GIN-debug] POST   /api/scenario-tests/run   --> demo-event-bus-api/internal/api/handlers.(*Handlers).RunScenarioTest-fm (4 handlers)
[GIN-debug] GET    /api/cardgame/enabled     --> demo-event-bus-api/internal/api/handlers.(*Handlers).IsCardGameEnabled-fm (4 handlers)
[GIN-debug] GET    /api/cardgame/status      --> demo-event-bus-api/internal/api/handlers.(*Handlers).GetCardGameStatus-fm (4 handlers)
[GIN-debug] POST   /api/cardgame/start       --> demo-event-bus-api/internal/api/handlers.(*Handlers).StartCardGame-fm (4 handlers)
[GIN-debug] POST   /api/cardgame/stop        --> demo-event-bus-api/internal/api/handlers.(*Handlers).StopCardGame-fm (4 handlers)
[GIN-debug] GET    /api/broker/routes        --> demo-event-bus-api/internal/api/handlers.(*Handlers).GetBrokerRoutes-fm (4 handlers)
[GIN-debug] GET    /api/broker/queues        --> demo-event-bus-api/internal/api/handlers.(*Handlers).GetBrokerQueues-fm (4 handlers)
[GIN-debug] GET    /api/metrics              --> demo-event-bus-api/internal/api/handlers.(*Handlers).GetMetrics-fm (4 handlers)
[GIN-debug] GET    /api/player_stats         --> demo-event-bus-api/internal/api/handlers.(*Handlers).GetPlayerStats-fm (4 handlers)
[GIN-debug] GET    /api/rabbitmq/metrics     --> demo-event-bus-api/internal/api/handlers.(*Handlers).GetRabbitMQMetrics-fm (4 handlers)
[GIN-debug] GET    /api/rabbitmq/queues      --> demo-event-bus-api/internal/api/handlers.(*Handlers).GetRabbitMQQueues-fm (4 handlers)
[GIN-debug] GET    /api/rabbitmq/consumers   --> demo-event-bus-api/internal/api/handlers.(*Handlers).GetRabbitMQConsumers-fm (4 handlers)
[GIN-debug] GET    /api/rabbitmq/exchanges   --> demo-event-bus-api/internal/api/handlers.(*Handlers).GetRabbitMQExchanges-fm (4 handlers)
[GIN-debug] GET    /api/rabbitmq/messages/:queue --> demo-event-bus-api/internal/api/handlers.(*Handlers).PeekQueueMessages-fm (4 handlers)
[GIN-debug] GET    /api/rabbitmq/derived/metrics --> demo-event-bus-api/internal/api/handlers.(*Handlers).GetRabbitMQMetrics-fm (4 handlers)
[GIN-debug] GET    /api/rabbitmq/derived/scoreboard --> demo-event-bus-api/internal/api/handlers.(*Handlers).GetRabbitMQScoreboard-fm (4 handlers)
[GIN-debug] GET    /api/dlq/inspect          --> demo-event-bus-api/internal/api/handlers.(*Handlers).InspectDLQ-fm (4 handlers)
[GIN-debug] GET    /ws/rabbitmq              --> demo-event-bus-api/internal/api.SetupRoutes.func2 (4 handlers)
2025/08/16 17:31:51 ✅ [API Server] Server ready on http://localhost:9000
[GIN] 2025/08/16 - 17:31:51 | 500 |    3.115875ms |             ::1 | GET      "/api/workers/status"
[GIN] 2025/08/16 - 17:31:51 | 500 |     689.292µs |             ::1 | GET      "/api/workers/status"
2025/08/16 17:31:51 📋 [DLQ] Queue game.dlq.expired.q: attempting to peek up to 1000 messages
[GIN] 2025/08/16 - 17:31:51 | 200 |    7.652125ms |             ::1 | GET      "/api/pending/list"
[GIN] 2025/08/16 - 17:31:51 | 200 |    7.596209ms |             ::1 | GET      "/api/rabbitmq/queues"
2025/08/16 17:31:51 📋 [DLQ] Queue game.dlq.expired.q: retrieved 0 messages
2025/08/16 17:31:51 📋 [DLQ] Queue game.dlq.failed.q: attempting to peek up to 1000 messages
2025/08/16 17:31:51 📋 [DLQ] Queue game.dlq.failed.q: retrieved 0 messages
2025/08/16 17:31:51 📋 [DLQ] Queue game.dlq.retry.q: attempting to peek up to 1000 messages
2025/08/16 17:31:51 📋 [DLQ] Queue game.dlq.retry.q: retrieved 0 messages
2025/08/16 17:31:51 📋 [DLQ] Queue game.dlq.unroutable.q: attempting to peek up to 1000 messages
2025/08/16 17:31:51 📋 [DLQ] Queue game.dlq.unroutable.q: retrieved 1 messages
2025/08/16 17:31:51 🔍 [DLQ Categorize] Queue: game.dlq.unroutable.q
[GIN] 2025/08/16 - 17:31:51 | 200 |   20.097125ms |             ::1 | GET      "/api/dlq/list"
2025/08/16 17:31:51 📋 [DLQ] Queue game.dlq.expired.q: attempting to peek up to 1000 messages
2025/08/16 17:31:51 📊 [RabbitMQ-Go] Derived metrics: 5 queues, 1 total pending, 0 consumers
2025/08/16 17:31:51 📋 [DLQ] Queue game.dlq.expired.q: retrieved 0 messages
2025/08/16 17:31:51 📋 [DLQ] Queue game.dlq.failed.q: attempting to peek up to 1000 messages
[GIN] 2025/08/16 - 17:31:51 | 200 |    3.214583ms |             ::1 | GET      "/api/rabbitmq/metrics"
2025/08/16 17:31:51 📋 [DLQ] Queue game.dlq.failed.q: retrieved 0 messages
2025/08/16 17:31:51 📋 [DLQ] Queue game.dlq.retry.q: attempting to peek up to 1000 messages
2025/08/16 17:31:51 📋 [DLQ] Queue game.dlq.retry.q: retrieved 0 messages
2025/08/16 17:31:51 📋 [DLQ] Queue game.dlq.unroutable.q: attempting to peek up to 1000 messages
2025/08/16 17:31:51 📋 [DLQ] Queue game.dlq.unroutable.q: retrieved 1 messages
2025/08/16 17:31:51 🔍 [DLQ Categorize] Queue: game.dlq.unroutable.q
[GIN] 2025/08/16 - 17:31:51 | 200 |   10.631167ms |             ::1 | GET      "/api/dlq/list"
[GIN] 2025/08/16 - 17:31:52 | 200 |    2.285459ms |             ::1 | GET      "/"
[GIN] 2025/08/16 - 17:31:52 | 200 |      59.375µs |             ::1 | GET      "/ws"
[GIN] 2025/08/16 - 17:31:52 | 200 |      18.291µs |             ::1 | GET      "/api/cardgame/enabled"
2025/08/16 17:31:52 🔗 [WebSocket] Client connected (total: 1)
[GIN] 2025/08/16 - 17:31:52 | 200 |      20.625µs |             ::1 | GET      "/api/chaos/status"
[GIN] 2025/08/16 - 17:31:53 | 500 |     870.958µs |             ::1 | GET      "/api/workers/status"
[GIN] 2025/08/16 - 17:31:53 | 500 |     489.084µs |             ::1 | GET      "/api/workers/status"
2025/08/16 17:31:53 📋 [DLQ] Queue game.dlq.expired.q: attempting to peek up to 1000 messages
[GIN] 2025/08/16 - 17:31:53 | 200 |    2.651333ms |             ::1 | GET      "/api/pending/list"
[GIN] 2025/08/16 - 17:31:53 | 500 |     495.917µs |             ::1 | GET      "/api/workers/status"
[GIN] 2025/08/16 - 17:31:53 | 500 |     513.209µs |             ::1 | GET      "/api/workers/status"
[GIN] 2025/08/16 - 17:31:53 | 200 |    3.826041ms |             ::1 | GET      "/api/rabbitmq/queues"
2025/08/16 17:31:53 📊 [RabbitMQ-Go] Derived metrics: 5 queues, 1 total pending, 0 consumers
[GIN] 2025/08/16 - 17:31:53 | 200 |    3.900667ms |             ::1 | GET      "/api/rabbitmq/metrics"
2025/08/16 17:31:53 📋 [DLQ] Queue game.dlq.expired.q: retrieved 0 messages
2025/08/16 17:31:53 📋 [DLQ] Queue game.dlq.failed.q: attempting to peek up to 1000 messages
[GIN] 2025/08/16 - 17:31:53 | 200 |    1.901959ms |             ::1 | GET      "/api/pending/list"
2025/08/16 17:31:53 📋 [DLQ] Queue game.dlq.failed.q: retrieved 0 messages
2025/08/16 17:31:53 📋 [DLQ] Queue game.dlq.retry.q: attempting to peek up to 1000 messages
[GIN] 2025/08/16 - 17:31:53 | 200 |    2.310125ms |             ::1 | GET      "/api/rabbitmq/queues"
2025/08/16 17:31:53 📋 [DLQ] Queue game.dlq.retry.q: retrieved 0 messages
2025/08/16 17:31:53 📋 [DLQ] Queue game.dlq.unroutable.q: attempting to peek up to 1000 messages
2025/08/16 17:31:53 📋 [DLQ] Queue game.dlq.unroutable.q: retrieved 1 messages
2025/08/16 17:31:53 🔍 [DLQ Categorize] Queue: game.dlq.unroutable.q
[GIN] 2025/08/16 - 17:31:53 | 200 |   11.006917ms |             ::1 | GET      "/api/dlq/list"
[GIN] 2025/08/16 - 17:31:53 | 200 |     618.209µs |             ::1 | GET      "/health"
2025/08/16 17:31:53 📋 [DLQ] Queue game.dlq.expired.q: attempting to peek up to 1000 messages
2025/08/16 17:31:53 📋 [DLQ] Queue game.dlq.expired.q: retrieved 0 messages
2025/08/16 17:31:53 📋 [DLQ] Queue game.dlq.failed.q: attempting to peek up to 1000 messages
2025/08/16 17:31:53 📋 [DLQ] Queue game.dlq.failed.q: retrieved 0 messages
2025/08/16 17:31:53 📋 [DLQ] Queue game.dlq.retry.q: attempting to peek up to 1000 messages
2025/08/16 17:31:53 📋 [DLQ] Queue game.dlq.retry.q: retrieved 0 messages
2025/08/16 17:31:53 📋 [DLQ] Queue game.dlq.unroutable.q: attempting to peek up to 1000 messages
2025/08/16 17:31:53 📋 [DLQ] Queue game.dlq.unroutable.q: retrieved 1 messages
2025/08/16 17:31:53 🔍 [DLQ Categorize] Queue: game.dlq.unroutable.q
2025/08/16 17:31:53 📊 [RabbitMQ-Go] Derived metrics: 5 queues, 1 total pending, 0 consumers
[GIN] 2025/08/16 - 17:31:53 | 200 |       9.033ms |             ::1 | GET      "/api/dlq/list"
[GIN] 2025/08/16 - 17:31:53 | 200 |    2.955041ms |             ::1 | GET      "/api/rabbitmq/metrics"
2025/08/16 17:31:53 📋 [DLQ] Queue game.dlq.expired.q: attempting to peek up to 1000 messages
2025/08/16 17:31:53 📊 [RabbitMQ-Go] Derived metrics: 5 queues, 1 total pending, 0 consumers
[GIN] 2025/08/16 - 17:31:53 | 200 |    2.769542ms |             ::1 | GET      "/api/rabbitmq/metrics"
2025/08/16 17:31:53 📋 [DLQ] Queue game.dlq.expired.q: retrieved 0 messages
2025/08/16 17:31:53 📋 [DLQ] Queue game.dlq.failed.q: attempting to peek up to 1000 messages
2025/08/16 17:31:53 📋 [DLQ] Queue game.dlq.failed.q: retrieved 0 messages
2025/08/16 17:31:53 📋 [DLQ] Queue game.dlq.retry.q: attempting to peek up to 1000 messages
2025/08/16 17:31:53 📋 [DLQ] Queue game.dlq.retry.q: retrieved 0 messages
2025/08/16 17:31:53 📋 [DLQ] Queue game.dlq.unroutable.q: attempting to peek up to 1000 messages
2025/08/16 17:31:53 📋 [DLQ] Queue game.dlq.unroutable.q: retrieved 1 messages
2025/08/16 17:31:53 🔍 [DLQ Categorize] Queue: game.dlq.unroutable.q
[GIN] 2025/08/16 - 17:31:53 | 200 |   19.525417ms |             ::1 | GET      "/api/dlq/list"
2025/08/16 17:31:53 📋 [DLQ] Queue game.dlq.expired.q: attempting to peek up to 1000 messages
[GIN] 2025/08/16 - 17:31:53 | 200 |      1.7505ms |             ::1 | GET      "/api/pending/list"
2025/08/16 17:31:53 📋 [DLQ] Queue game.dlq.expired.q: retrieved 0 messages
2025/08/16 17:31:53 📋 [DLQ] Queue game.dlq.failed.q: attempting to peek up to 1000 messages
2025/08/16 17:31:53 📋 [DLQ] Queue game.dlq.failed.q: retrieved 0 messages
2025/08/16 17:31:53 📋 [DLQ] Queue game.dlq.retry.q: attempting to peek up to 1000 messages
2025/08/16 17:31:53 📋 [DLQ] Queue game.dlq.retry.q: retrieved 0 messages
2025/08/16 17:31:53 📋 [DLQ] Queue game.dlq.unroutable.q: attempting to peek up to 1000 messages
2025/08/16 17:31:53 📋 [DLQ] Queue game.dlq.unroutable.q: retrieved 1 messages
2025/08/16 17:31:53 🔍 [DLQ Categorize] Queue: game.dlq.unroutable.q
[GIN] 2025/08/16 - 17:31:53 | 200 |    9.160917ms |             ::1 | GET      "/api/dlq/list"
2025/08/16 17:31:53 📋 [DLQ] Queue game.dlq.expired.q: attempting to peek up to 1000 messages
2025/08/16 17:31:53 📋 [DLQ] Queue game.dlq.expired.q: retrieved 0 messages
2025/08/16 17:31:53 📋 [DLQ] Queue game.dlq.failed.q: attempting to peek up to 1000 messages
2025/08/16 17:31:53 📋 [DLQ] Queue game.dlq.failed.q: retrieved 0 messages
2025/08/16 17:31:53 📋 [DLQ] Queue game.dlq.retry.q: attempting to peek up to 1000 messages
2025/08/16 17:31:53 📋 [DLQ] Queue game.dlq.retry.q: retrieved 0 messages
2025/08/16 17:31:53 📋 [DLQ] Queue game.dlq.unroutable.q: attempting to peek up to 1000 messages
2025/08/16 17:31:53 📋 [DLQ] Queue game.dlq.unroutable.q: retrieved 1 messages
2025/08/16 17:31:53 🔍 [DLQ Categorize] Queue: game.dlq.unroutable.q
[GIN] 2025/08/16 - 17:31:53 | 200 |   10.897208ms |             ::1 | GET      "/api/dlq/list"
2025/08/16 17:31:53 📊 [RabbitMQ-Go] Derived metrics: 5 queues, 1 total pending, 0 consumers
[GIN] 2025/08/16 - 17:31:53 | 500 |    1.046459ms |             ::1 | GET      "/api/workers/status"
[GIN] 2025/08/16 - 17:31:53 | 200 |     1.94975ms |             ::1 | GET      "/api/pending/list"
2025/08/16 17:31:53 📋 [DLQ] Queue game.dlq.expired.q: attempting to peek up to 1000 messages
[GIN] 2025/08/16 - 17:31:53 | 200 |    2.532125ms |             ::1 | GET      "/api/rabbitmq/queues"
2025/08/16 17:31:53 📋 [DLQ] Queue game.dlq.expired.q: retrieved 0 messages
2025/08/16 17:31:53 📋 [DLQ] Queue game.dlq.failed.q: attempting to peek up to 1000 messages
[GIN] 2025/08/16 - 17:31:53 | 500 |    3.519375ms |             ::1 | GET      "/api/workers/status"
2025/08/16 17:31:53 📋 [DLQ] Queue game.dlq.failed.q: retrieved 0 messages
2025/08/16 17:31:53 📋 [DLQ] Queue game.dlq.retry.q: attempting to peek up to 1000 messages
2025/08/16 17:31:53 📋 [DLQ] Queue game.dlq.retry.q: retrieved 0 messages
2025/08/16 17:31:53 📋 [DLQ] Queue game.dlq.unroutable.q: attempting to peek up to 1000 messages
2025/08/16 17:31:53 📋 [DLQ] Queue game.dlq.unroutable.q: retrieved 1 messages
2025/08/16 17:31:53 🔍 [DLQ Categorize] Queue: game.dlq.unroutable.q
[GIN] 2025/08/16 - 17:31:53 | 200 |    9.169625ms |             ::1 | GET      "/api/dlq/list"
2025/08/16 17:31:53 📋 [DLQ] Queue game.dlq.expired.q: attempting to peek up to 1000 messages
2025/08/16 17:31:53 📋 [DLQ] Queue game.dlq.expired.q: retrieved 0 messages
2025/08/16 17:31:53 📋 [DLQ] Queue game.dlq.failed.q: attempting to peek up to 1000 messages
2025/08/16 17:31:53 📊 [RabbitMQ-Go] Derived metrics: 5 queues, 1 total pending, 0 consumers
[GIN] 2025/08/16 - 17:31:53 | 200 |    2.037833ms |             ::1 | GET      "/api/rabbitmq/metrics"
2025/08/16 17:31:53 📋 [DLQ] Queue game.dlq.failed.q: retrieved 0 messages
2025/08/16 17:31:53 📋 [DLQ] Queue game.dlq.retry.q: attempting to peek up to 1000 messages
2025/08/16 17:31:53 📋 [DLQ] Queue game.dlq.retry.q: retrieved 0 messages
2025/08/16 17:31:53 📋 [DLQ] Queue game.dlq.unroutable.q: attempting to peek up to 1000 messages
2025/08/16 17:31:53 📋 [DLQ] Queue game.dlq.unroutable.q: retrieved 1 messages
2025/08/16 17:31:53 🔍 [DLQ Categorize] Queue: game.dlq.unroutable.q
[GIN] 2025/08/16 - 17:31:53 | 200 |   12.991959ms |             ::1 | GET      "/api/dlq/list"
[GIN] 2025/08/16 - 17:31:54 | 200 |    4.166834ms |             ::1 | GET      "/api/workers/status"
[GIN] 2025/08/16 - 17:31:54 | 200 |    4.327791ms |             ::1 | GET      "/api/pending/list"
[GIN] 2025/08/16 - 17:31:54 | 200 |    4.571041ms |             ::1 | GET      "/api/rabbitmq/queues"
[GIN] 2025/08/16 - 17:31:54 | 200 |     605.042µs |             ::1 | GET      "/api/workers/status"
2025/08/16 17:31:54 📋 [DLQ] Queue game.dlq.expired.q: attempting to peek up to 1000 messages
2025/08/16 17:31:54 📋 [DLQ] Queue game.dlq.expired.q: retrieved 0 messages
2025/08/16 17:31:54 📋 [DLQ] Queue game.dlq.failed.q: attempting to peek up to 1000 messages
2025/08/16 17:31:54 📋 [DLQ] Queue game.dlq.failed.q: retrieved 0 messages
2025/08/16 17:31:54 📋 [DLQ] Queue game.dlq.retry.q: attempting to peek up to 1000 messages
2025/08/16 17:31:54 📋 [DLQ] Queue game.dlq.retry.q: retrieved 0 messages
2025/08/16 17:31:54 📋 [DLQ] Queue game.dlq.unroutable.q: attempting to peek up to 1000 messages
2025/08/16 17:31:54 📋 [DLQ] Queue game.dlq.unroutable.q: retrieved 1 messages
2025/08/16 17:31:54 🔍 [DLQ Categorize] Queue: game.dlq.unroutable.q
[GIN] 2025/08/16 - 17:31:54 | 200 |   15.651666ms |             ::1 | GET      "/api/dlq/list"
2025/08/16 17:31:54 📋 [DLQ] Queue game.dlq.expired.q: attempting to peek up to 1000 messages
2025/08/16 17:31:54 📊 [RabbitMQ-Go] Derived metrics: 5 queues, 1 total pending, 0 consumers
[GIN] 2025/08/16 - 17:31:54 | 200 |    2.462167ms |             ::1 | GET      "/api/rabbitmq/metrics"
2025/08/16 17:31:54 📋 [DLQ] Queue game.dlq.expired.q: retrieved 0 messages
2025/08/16 17:31:54 📋 [DLQ] Queue game.dlq.failed.q: attempting to peek up to 1000 messages
2025/08/16 17:31:54 📋 [DLQ] Queue game.dlq.failed.q: retrieved 0 messages
2025/08/16 17:31:54 📋 [DLQ] Queue game.dlq.retry.q: attempting to peek up to 1000 messages
2025/08/16 17:31:54 📋 [DLQ] Queue game.dlq.retry.q: retrieved 0 messages
2025/08/16 17:31:54 📋 [DLQ] Queue game.dlq.unroutable.q: attempting to peek up to 1000 messages
2025/08/16 17:31:54 📋 [DLQ] Queue game.dlq.unroutable.q: retrieved 1 messages
2025/08/16 17:31:54 🔍 [DLQ Categorize] Queue: game.dlq.unroutable.q
[GIN] 2025/08/16 - 17:31:54 | 200 |    9.417417ms |             ::1 | GET      "/api/dlq/list"
[GIN] 2025/08/16 - 17:31:54 | 200 |     514.708µs |             ::1 | GET      "/api/workers/status"
[GIN] 2025/08/16 - 17:31:54 | 200 |     269.959µs |             ::1 | GET      "/api/workers/status"
2025/08/16 17:31:54 📋 [DLQ] Queue game.dlq.expired.q: attempting to peek up to 1000 messages
[GIN] 2025/08/16 - 17:31:54 | 200 |    4.228625ms |             ::1 | GET      "/api/rabbitmq/queues"
[GIN] 2025/08/16 - 17:31:54 | 200 |    6.794625ms |             ::1 | GET      "/api/pending/list"
2025/08/16 17:31:54 📋 [DLQ] Queue game.dlq.expired.q: retrieved 0 messages
2025/08/16 17:31:54 📋 [DLQ] Queue game.dlq.failed.q: attempting to peek up to 1000 messages
2025/08/16 17:31:54 📋 [DLQ] Queue game.dlq.failed.q: retrieved 0 messages
2025/08/16 17:31:54 📋 [DLQ] Queue game.dlq.retry.q: attempting to peek up to 1000 messages
2025/08/16 17:31:54 📋 [DLQ] Queue game.dlq.retry.q: retrieved 0 messages
2025/08/16 17:31:54 📋 [DLQ] Queue game.dlq.unroutable.q: attempting to peek up to 1000 messages
2025/08/16 17:31:54 📋 [DLQ] Queue game.dlq.unroutable.q: retrieved 1 messages
2025/08/16 17:31:54 🔍 [DLQ Categorize] Queue: game.dlq.unroutable.q
[GIN] 2025/08/16 - 17:31:54 | 200 |     14.0995ms |             ::1 | GET      "/api/dlq/list"
2025/08/16 17:31:54 📋 [DLQ] Queue game.dlq.expired.q: attempting to peek up to 1000 messages
2025/08/16 17:31:54 📊 [RabbitMQ-Go] Derived metrics: 5 queues, 1 total pending, 0 consumers
[GIN] 2025/08/16 - 17:31:54 | 200 |    2.258792ms |             ::1 | GET      "/api/rabbitmq/metrics"
2025/08/16 17:31:54 📋 [DLQ] Queue game.dlq.expired.q: retrieved 0 messages
2025/08/16 17:31:54 📋 [DLQ] Queue game.dlq.failed.q: attempting to peek up to 1000 messages
2025/08/16 17:31:54 📋 [DLQ] Queue game.dlq.failed.q: retrieved 0 messages
2025/08/16 17:31:54 📋 [DLQ] Queue game.dlq.retry.q: attempting to peek up to 1000 messages
2025/08/16 17:31:54 📋 [DLQ] Queue game.dlq.retry.q: retrieved 0 messages
2025/08/16 17:31:54 📋 [DLQ] Queue game.dlq.unroutable.q: attempting to peek up to 1000 messages
2025/08/16 17:31:54 📋 [DLQ] Queue game.dlq.unroutable.q: retrieved 1 messages
2025/08/16 17:31:54 🔍 [DLQ Categorize] Queue: game.dlq.unroutable.q
[GIN] 2025/08/16 - 17:31:54 | 200 |    10.48625ms |             ::1 | GET      "/api/dlq/list"
[GIN] 2025/08/16 - 17:31:55 | 200 |     381.917µs |             ::1 | GET      "/api/workers/status"
[GIN] 2025/08/16 - 17:31:55 | 200 |     197.541µs |             ::1 | GET      "/api/workers/status"
[GIN] 2025/08/16 - 17:31:55 | 200 |     3.39675ms |             ::1 | GET      "/api/pending/list"
2025/08/16 17:31:55 📋 [DLQ] Queue game.dlq.expired.q: attempting to peek up to 1000 messages
[GIN] 2025/08/16 - 17:31:55 | 200 |    5.571708ms |             ::1 | GET      "/api/rabbitmq/queues"
2025/08/16 17:31:55 📋 [DLQ] Queue game.dlq.expired.q: retrieved 0 messages
2025/08/16 17:31:55 📋 [DLQ] Queue game.dlq.failed.q: attempting to peek up to 1000 messages
2025/08/16 17:31:55 📋 [DLQ] Queue game.dlq.failed.q: retrieved 0 messages
2025/08/16 17:31:55 📋 [DLQ] Queue game.dlq.retry.q: attempting to peek up to 1000 messages
2025/08/16 17:31:55 📋 [DLQ] Queue game.dlq.retry.q: retrieved 0 messages
2025/08/16 17:31:55 📋 [DLQ] Queue game.dlq.unroutable.q: attempting to peek up to 1000 messages
2025/08/16 17:31:55 📋 [DLQ] Queue game.dlq.unroutable.q: retrieved 1 messages
2025/08/16 17:31:55 🔍 [DLQ Categorize] Queue: game.dlq.unroutable.q
[GIN] 2025/08/16 - 17:31:55 | 200 |   14.330208ms |             ::1 | GET      "/api/dlq/list"
2025/08/16 17:31:55 📋 [DLQ] Queue game.dlq.expired.q: attempting to peek up to 1000 messages
2025/08/16 17:31:55 📊 [RabbitMQ-Go] Derived metrics: 5 queues, 1 total pending, 0 consumers
[GIN] 2025/08/16 - 17:31:55 | 200 |    2.547416ms |             ::1 | GET      "/api/rabbitmq/metrics"
2025/08/16 17:31:55 📋 [DLQ] Queue game.dlq.expired.q: retrieved 0 messages
2025/08/16 17:31:55 📋 [DLQ] Queue game.dlq.failed.q: attempting to peek up to 1000 messages
2025/08/16 17:31:55 📋 [DLQ] Queue game.dlq.failed.q: retrieved 0 messages
2025/08/16 17:31:55 📋 [DLQ] Queue game.dlq.retry.q: attempting to peek up to 1000 messages
2025/08/16 17:31:55 📋 [DLQ] Queue game.dlq.retry.q: retrieved 0 messages
2025/08/16 17:31:55 📋 [DLQ] Queue game.dlq.unroutable.q: attempting to peek up to 1000 messages
2025/08/16 17:31:55 📋 [DLQ] Queue game.dlq.unroutable.q: retrieved 1 messages
2025/08/16 17:31:55 🔍 [DLQ Categorize] Queue: game.dlq.unroutable.q
[GIN] 2025/08/16 - 17:31:55 | 200 |   12.041209ms |             ::1 | GET      "/api/dlq/list"
2025/08/16 17:31:55 📊 [RabbitMQ-Go] Derived metrics: 5 queues, 1 total pending, 0 consumers
2025/08/16 17:31:55 📊 [RabbitMQ-Go] Derived metrics: 5 queues, 1 total pending, 0 consumers
[GIN] 2025/08/16 - 17:31:55 | 200 |    2.099042ms |             ::1 | GET      "/api/rabbitmq/metrics"
[GIN] 2025/08/16 - 17:31:55 | 200 |      22.708µs |             ::1 | GET      "/api/chaos/status"
2025/08/16 17:31:55 [2025-08-16T17:31:55+02:00] localhost:9000 says: Publishing message with correlation_id=28402c7c-3961-41f2-9e73-4ad26d1c6757 to routing_key=game.quest.gather
2025/08/16 17:31:55 [2025-08-16T17:31:55+02:00] localhost:9000 says: Message payload: {"case_id":"startup-test","correlation_id":"28402c7c-3961-41f2-9e73-4ad26d1c6757","points":5,"published_at":1755358315,"published_by":"api_endpoint","quest_type":"gather"}
2025/08/16 17:31:55 📨 [RabbitMQ] Published message to game.quest.gather: q-1755358315-520072000
2025/08/16 17:31:55 ⚠️  [WebSocket] Broadcast channel full, dropping message
2025/08/16 17:31:55 [2025-08-16T17:31:55+02:00] localhost:9000 says: SUCCESS published message correlation_id=28402c7c-3961-41f2-9e73-4ad26d1c6757
[GIN] 2025/08/16 - 17:31:55 | 200 |     986.292µs |             ::1 | POST     "/api/publish"
[GIN] 2025/08/16 - 17:31:55 | 200 |         257µs |             ::1 | GET      "/api/workers/status"
[GIN] 2025/08/16 - 17:31:55 | 200 |       348.5µs |             ::1 | GET      "/api/workers/status"
2025/08/16 17:31:55 📋 [DLQ] Queue game.dlq.expired.q: attempting to peek up to 1000 messages
[GIN] 2025/08/16 - 17:31:55 | 200 |    2.592292ms |             ::1 | GET      "/api/pending/list"
[GIN] 2025/08/16 - 17:31:55 | 200 |    3.798708ms |             ::1 | GET      "/api/rabbitmq/queues"
2025/08/16 17:31:55 📋 [DLQ] Queue game.dlq.expired.q: retrieved 0 messages
2025/08/16 17:31:55 📋 [DLQ] Queue game.dlq.failed.q: attempting to peek up to 1000 messages
2025/08/16 17:31:55 📋 [DLQ] Queue game.dlq.failed.q: retrieved 0 messages
2025/08/16 17:31:55 📋 [DLQ] Queue game.dlq.retry.q: attempting to peek up to 1000 messages
2025/08/16 17:31:55 📋 [DLQ] Queue game.dlq.retry.q: retrieved 0 messages
2025/08/16 17:31:55 📋 [DLQ] Queue game.dlq.unroutable.q: attempting to peek up to 1000 messages
2025/08/16 17:31:55 📋 [DLQ] Queue game.dlq.unroutable.q: retrieved 2 messages
2025/08/16 17:31:55 🔍 [DLQ Categorize] Queue: game.dlq.unroutable.q
2025/08/16 17:31:55 🔍 [DLQ Categorize] Queue: game.dlq.unroutable.q
[GIN] 2025/08/16 - 17:31:55 | 200 |   12.221875ms |             ::1 | GET      "/api/dlq/list"
2025/08/16 17:31:55 📋 [DLQ] Queue game.dlq.expired.q: attempting to peek up to 1000 messages
2025/08/16 17:31:55 📋 [DLQ] Queue game.dlq.expired.q: retrieved 0 messages
2025/08/16 17:31:55 📋 [DLQ] Queue game.dlq.failed.q: attempting to peek up to 1000 messages
2025/08/16 17:31:55 📊 [RabbitMQ-Go] Derived metrics: 5 queues, 1 total pending, 0 consumers
[GIN] 2025/08/16 - 17:31:55 | 200 |    2.255417ms |             ::1 | GET      "/api/rabbitmq/metrics"
2025/08/16 17:31:55 📋 [DLQ] Queue game.dlq.failed.q: retrieved 0 messages
2025/08/16 17:31:55 📋 [DLQ] Queue game.dlq.retry.q: attempting to peek up to 1000 messages
2025/08/16 17:31:55 📋 [DLQ] Queue game.dlq.retry.q: retrieved 0 messages
2025/08/16 17:31:55 📋 [DLQ] Queue game.dlq.unroutable.q: attempting to peek up to 1000 messages
2025/08/16 17:31:55 📋 [DLQ] Queue game.dlq.unroutable.q: retrieved 2 messages
2025/08/16 17:31:55 🔍 [DLQ Categorize] Queue: game.dlq.unroutable.q
2025/08/16 17:31:55 🔍 [DLQ Categorize] Queue: game.dlq.unroutable.q
[GIN] 2025/08/16 - 17:31:55 | 200 |    7.340583ms |             ::1 | GET      "/api/dlq/list"
[GIN] 2025/08/16 - 17:31:56 | 200 |      199.75µs |             ::1 | GET      "/api/workers/status"
[GIN] 2025/08/16 - 17:31:56 | 200 |     110.166µs |             ::1 | GET      "/api/workers/status"
[GIN] 2025/08/16 - 17:31:56 | 200 |     1.90875ms |             ::1 | GET      "/api/pending/list"
2025/08/16 17:31:56 📋 [DLQ] Queue game.dlq.expired.q: attempting to peek up to 1000 messages
[GIN] 2025/08/16 - 17:31:56 | 200 |    2.258125ms |             ::1 | GET      "/api/rabbitmq/queues"
2025/08/16 17:31:56 📋 [DLQ] Queue game.dlq.expired.q: retrieved 0 messages
2025/08/16 17:31:56 📋 [DLQ] Queue game.dlq.failed.q: attempting to peek up to 1000 messages
2025/08/16 17:31:56 📋 [DLQ] Queue game.dlq.failed.q: retrieved 0 messages
2025/08/16 17:31:56 📋 [DLQ] Queue game.dlq.retry.q: attempting to peek up to 1000 messages
2025/08/16 17:31:56 📋 [DLQ] Queue game.dlq.retry.q: retrieved 0 messages
2025/08/16 17:31:56 📋 [DLQ] Queue game.dlq.unroutable.q: attempting to peek up to 1000 messages
2025/08/16 17:31:56 📋 [DLQ] Queue game.dlq.unroutable.q: retrieved 2 messages
2025/08/16 17:31:56 🔍 [DLQ Categorize] Queue: game.dlq.unroutable.q
2025/08/16 17:31:56 🔍 [DLQ Categorize] Queue: game.dlq.unroutable.q
[GIN] 2025/08/16 - 17:31:56 | 200 |      8.5685ms |             ::1 | GET      "/api/dlq/list"
2025/08/16 17:31:56 📋 [DLQ] Queue game.dlq.expired.q: attempting to peek up to 1000 messages
2025/08/16 17:31:56 📋 [DLQ] Queue game.dlq.expired.q: retrieved 0 messages
2025/08/16 17:31:56 📋 [DLQ] Queue game.dlq.failed.q: attempting to peek up to 1000 messages
2025/08/16 17:31:56 📋 [DLQ] Queue game.dlq.failed.q: retrieved 0 messages
2025/08/16 17:31:56 📋 [DLQ] Queue game.dlq.retry.q: attempting to peek up to 1000 messages
2025/08/16 17:31:56 📊 [RabbitMQ-Go] Derived metrics: 5 queues, 1 total pending, 0 consumers
[GIN] 2025/08/16 - 17:31:56 | 200 |    2.302208ms |             ::1 | GET      "/api/rabbitmq/metrics"
2025/08/16 17:31:56 📋 [DLQ] Queue game.dlq.retry.q: retrieved 0 messages
2025/08/16 17:31:56 📋 [DLQ] Queue game.dlq.unroutable.q: attempting to peek up to 1000 messages
2025/08/16 17:31:56 📋 [DLQ] Queue game.dlq.unroutable.q: retrieved 2 messages
2025/08/16 17:31:56 🔍 [DLQ Categorize] Queue: game.dlq.unroutable.q
2025/08/16 17:31:56 🔍 [DLQ Categorize] Queue: game.dlq.unroutable.q
[GIN] 2025/08/16 - 17:31:56 | 200 |    8.159417ms |             ::1 | GET      "/api/dlq/list"
[GIN] 2025/08/16 - 17:31:56 | 200 |     452.333µs |             ::1 | GET      "/api/workers/status"
[GIN] 2025/08/16 - 17:31:56 | 200 |     335.791µs |             ::1 | GET      "/api/workers/status"
2025/08/16 17:31:56 📋 [DLQ] Queue game.dlq.expired.q: attempting to peek up to 1000 messages
[GIN] 2025/08/16 - 17:31:56 | 200 |     5.14125ms |             ::1 | GET      "/api/rabbitmq/queues"
[GIN] 2025/08/16 - 17:31:56 | 200 |     5.14875ms |             ::1 | GET      "/api/pending/list"
2025/08/16 17:31:56 📋 [DLQ] Queue game.dlq.expired.q: retrieved 0 messages
2025/08/16 17:31:56 📋 [DLQ] Queue game.dlq.failed.q: attempting to peek up to 1000 messages
2025/08/16 17:31:56 📋 [DLQ] Queue game.dlq.failed.q: retrieved 0 messages
2025/08/16 17:31:56 📋 [DLQ] Queue game.dlq.retry.q: attempting to peek up to 1000 messages
2025/08/16 17:31:56 📋 [DLQ] Queue game.dlq.retry.q: retrieved 0 messages
2025/08/16 17:31:56 📋 [DLQ] Queue game.dlq.unroutable.q: attempting to peek up to 1000 messages
2025/08/16 17:31:56 📋 [DLQ] Queue game.dlq.unroutable.q: retrieved 2 messages
2025/08/16 17:31:56 🔍 [DLQ Categorize] Queue: game.dlq.unroutable.q
2025/08/16 17:31:56 🔍 [DLQ Categorize] Queue: game.dlq.unroutable.q
[GIN] 2025/08/16 - 17:31:56 | 200 |     15.8955ms |             ::1 | GET      "/api/dlq/list"
2025/08/16 17:31:56 📋 [DLQ] Queue game.dlq.expired.q: attempting to peek up to 1000 messages
2025/08/16 17:31:56 📊 [RabbitMQ-Go] Derived metrics: 5 queues, 1 total pending, 0 consumers
[GIN] 2025/08/16 - 17:31:56 | 200 |       2.243ms |             ::1 | GET      "/api/rabbitmq/metrics"
2025/08/16 17:31:56 📋 [DLQ] Queue game.dlq.expired.q: retrieved 0 messages
2025/08/16 17:31:56 📋 [DLQ] Queue game.dlq.failed.q: attempting to peek up to 1000 messages
2025/08/16 17:31:56 📋 [DLQ] Queue game.dlq.failed.q: retrieved 0 messages
2025/08/16 17:31:56 📋 [DLQ] Queue game.dlq.retry.q: attempting to peek up to 1000 messages
2025/08/16 17:31:56 📋 [DLQ] Queue game.dlq.retry.q: retrieved 0 messages
2025/08/16 17:31:56 📋 [DLQ] Queue game.dlq.unroutable.q: attempting to peek up to 1000 messages
2025/08/16 17:31:56 📋 [DLQ] Queue game.dlq.unroutable.q: retrieved 2 messages
2025/08/16 17:31:56 🔍 [DLQ Categorize] Queue: game.dlq.unroutable.q
2025/08/16 17:31:56 🔍 [DLQ Categorize] Queue: game.dlq.unroutable.q
[GIN] 2025/08/16 - 17:31:56 | 200 |   11.405083ms |             ::1 | GET      "/api/dlq/list"
[GIN] 2025/08/16 - 17:31:57 | 200 |     309.541µs |             ::1 | GET      "/api/workers/status"
[GIN] 2025/08/16 - 17:31:57 | 200 |     237.709µs |             ::1 | GET      "/api/workers/status"
[GIN] 2025/08/16 - 17:31:57 | 200 |    2.271542ms |             ::1 | GET      "/api/pending/list"
2025/08/16 17:31:57 📋 [DLQ] Queue game.dlq.expired.q: attempting to peek up to 1000 messages
[GIN] 2025/08/16 - 17:31:57 | 200 |    3.124334ms |             ::1 | GET      "/api/rabbitmq/queues"
2025/08/16 17:31:57 📋 [DLQ] Queue game.dlq.expired.q: retrieved 0 messages
2025/08/16 17:31:57 📋 [DLQ] Queue game.dlq.failed.q: attempting to peek up to 1000 messages
2025/08/16 17:31:57 📋 [DLQ] Queue game.dlq.failed.q: retrieved 0 messages
2025/08/16 17:31:57 📋 [DLQ] Queue game.dlq.retry.q: attempting to peek up to 1000 messages
2025/08/16 17:31:57 📋 [DLQ] Queue game.dlq.retry.q: retrieved 0 messages
2025/08/16 17:31:57 📋 [DLQ] Queue game.dlq.unroutable.q: attempting to peek up to 1000 messages
2025/08/16 17:31:57 📋 [DLQ] Queue game.dlq.unroutable.q: retrieved 2 messages
2025/08/16 17:31:57 🔍 [DLQ Categorize] Queue: game.dlq.unroutable.q
2025/08/16 17:31:57 🔍 [DLQ Categorize] Queue: game.dlq.unroutable.q
[GIN] 2025/08/16 - 17:31:57 | 200 |    8.957292ms |             ::1 | GET      "/api/dlq/list"
2025/08/16 17:31:57 📋 [DLQ] Queue game.dlq.expired.q: attempting to peek up to 1000 messages
2025/08/16 17:31:57 📋 [DLQ] Queue game.dlq.expired.q: retrieved 0 messages
2025/08/16 17:31:57 📋 [DLQ] Queue game.dlq.failed.q: attempting to peek up to 1000 messages
2025/08/16 17:31:57 📊 [RabbitMQ-Go] Derived metrics: 5 queues, 1 total pending, 0 consumers
[GIN] 2025/08/16 - 17:31:57 | 200 |       1.796ms |             ::1 | GET      "/api/rabbitmq/metrics"
2025/08/16 17:31:57 📋 [DLQ] Queue game.dlq.failed.q: retrieved 0 messages
2025/08/16 17:31:57 📋 [DLQ] Queue game.dlq.retry.q: attempting to peek up to 1000 messages
2025/08/16 17:31:57 📋 [DLQ] Queue game.dlq.retry.q: retrieved 0 messages
2025/08/16 17:31:57 📋 [DLQ] Queue game.dlq.unroutable.q: attempting to peek up to 1000 messages
2025/08/16 17:31:57 📋 [DLQ] Queue game.dlq.unroutable.q: retrieved 2 messages
2025/08/16 17:31:57 🔍 [DLQ Categorize] Queue: game.dlq.unroutable.q
2025/08/16 17:31:57 🔍 [DLQ Categorize] Queue: game.dlq.unroutable.q
[GIN] 2025/08/16 - 17:31:57 | 200 |      7.1355ms |             ::1 | GET      "/api/dlq/list"
2025/08/16 17:31:57 📊 [RabbitMQ-Go] Derived metrics: 5 queues, 1 total pending, 0 consumers
[GIN] 2025/08/16 - 17:31:57 | 200 |         318µs |             ::1 | GET      "/api/workers/status"
[GIN] 2025/08/16 - 17:31:57 | 200 |     344.584µs |             ::1 | GET      "/api/workers/status"
2025/08/16 17:31:57 📋 [DLQ] Queue game.dlq.expired.q: attempting to peek up to 1000 messages
[GIN] 2025/08/16 - 17:31:57 | 200 |    4.825167ms |             ::1 | GET      "/api/pending/list"
[GIN] 2025/08/16 - 17:31:57 | 200 |    4.999625ms |             ::1 | GET      "/api/rabbitmq/queues"
2025/08/16 17:31:57 📋 [DLQ] Queue game.dlq.expired.q: retrieved 0 messages
2025/08/16 17:31:57 📋 [DLQ] Queue game.dlq.failed.q: attempting to peek up to 1000 messages
2025/08/16 17:31:57 📋 [DLQ] Queue game.dlq.failed.q: retrieved 0 messages
2025/08/16 17:31:57 📋 [DLQ] Queue game.dlq.retry.q: attempting to peek up to 1000 messages
2025/08/16 17:31:57 📋 [DLQ] Queue game.dlq.retry.q: retrieved 0 messages
2025/08/16 17:31:57 📋 [DLQ] Queue game.dlq.unroutable.q: attempting to peek up to 1000 messages
2025/08/16 17:31:57 📋 [DLQ] Queue game.dlq.unroutable.q: retrieved 2 messages
2025/08/16 17:31:57 🔍 [DLQ Categorize] Queue: game.dlq.unroutable.q
2025/08/16 17:31:57 🔍 [DLQ Categorize] Queue: game.dlq.unroutable.q
[GIN] 2025/08/16 - 17:31:57 | 200 |     15.0465ms |             ::1 | GET      "/api/dlq/list"
2025/08/16 17:31:57 📋 [DLQ] Queue game.dlq.expired.q: attempting to peek up to 1000 messages
2025/08/16 17:31:57 📊 [RabbitMQ-Go] Derived metrics: 5 queues, 1 total pending, 0 consumers
[GIN] 2025/08/16 - 17:31:57 | 200 |    1.675083ms |             ::1 | GET      "/api/rabbitmq/metrics"
2025/08/16 17:31:57 📋 [DLQ] Queue game.dlq.expired.q: retrieved 0 messages
2025/08/16 17:31:57 📋 [DLQ] Queue game.dlq.failed.q: attempting to peek up to 1000 messages
2025/08/16 17:31:57 📋 [DLQ] Queue game.dlq.failed.q: retrieved 0 messages
2025/08/16 17:31:57 📋 [DLQ] Queue game.dlq.retry.q: attempting to peek up to 1000 messages
2025/08/16 17:31:57 📋 [DLQ] Queue game.dlq.retry.q: retrieved 0 messages
2025/08/16 17:31:57 📋 [DLQ] Queue game.dlq.unroutable.q: attempting to peek up to 1000 messages
2025/08/16 17:31:57 📋 [DLQ] Queue game.dlq.unroutable.q: retrieved 2 messages
2025/08/16 17:31:57 🔍 [DLQ Categorize] Queue: game.dlq.unroutable.q
2025/08/16 17:31:57 🔍 [DLQ Categorize] Queue: game.dlq.unroutable.q
[GIN] 2025/08/16 - 17:31:57 | 200 |    8.316792ms |             ::1 | GET      "/api/dlq/list"
[GIN] 2025/08/16 - 17:31:58 | 304 |     114.542µs |             ::1 | GET      "/"
2025/08/16 17:31:58 🔌 [WebSocket] Client disconnected (total: 0)
2025/08/16 17:31:58 🔗 [WebSocket] Client connected (total: 1)
[GIN] 2025/08/16 - 17:31:58 | 200 |      71.834µs |             ::1 | GET      "/ws"
[GIN] 2025/08/16 - 17:31:58 | 200 |      31.292µs |             ::1 | GET      "/api/chaos/status"
[GIN] 2025/08/16 - 17:31:58 | 200 |          14µs |             ::1 | GET      "/api/cardgame/enabled"
[GIN] 2025/08/16 - 17:31:59 | 200 |     421.709µs |             ::1 | GET      "/api/workers/status"
[GIN] 2025/08/16 - 17:31:59 | 200 |     228.042µs |             ::1 | GET      "/api/workers/status"
[GIN] 2025/08/16 - 17:31:59 | 200 |     223.334µs |             ::1 | GET      "/api/workers/status"
[GIN] 2025/08/16 - 17:31:59 | 200 |     175.917µs |             ::1 | GET      "/api/workers/status"
[GIN] 2025/08/16 - 17:31:59 | 200 |    4.828834ms |             ::1 | GET      "/api/pending/list"
2025/08/16 17:31:59 📋 [DLQ] Queue game.dlq.expired.q: attempting to peek up to 1000 messages
[GIN] 2025/08/16 - 17:31:59 | 200 |    6.251667ms |             ::1 | GET      "/api/rabbitmq/queues"
[GIN] 2025/08/16 - 17:31:59 | 200 |    3.449292ms |             ::1 | GET      "/api/pending/list"
2025/08/16 17:31:59 📊 [RabbitMQ-Go] Derived metrics: 5 queues, 1 total pending, 0 consumers
[GIN] 2025/08/16 - 17:31:59 | 200 |    8.559833ms |             ::1 | GET      "/api/rabbitmq/metrics"
[GIN] 2025/08/16 - 17:31:59 | 200 |    2.568834ms |             ::1 | GET      "/api/rabbitmq/queues"
2025/08/16 17:31:59 📋 [DLQ] Queue game.dlq.expired.q: retrieved 0 messages
2025/08/16 17:31:59 📋 [DLQ] Queue game.dlq.failed.q: attempting to peek up to 1000 messages
2025/08/16 17:31:59 📋 [DLQ] Queue game.dlq.failed.q: retrieved 0 messages
2025/08/16 17:31:59 📋 [DLQ] Queue game.dlq.retry.q: attempting to peek up to 1000 messages
2025/08/16 17:31:59 📋 [DLQ] Queue game.dlq.retry.q: retrieved 0 messages
2025/08/16 17:31:59 📋 [DLQ] Queue game.dlq.unroutable.q: attempting to peek up to 1000 messages
2025/08/16 17:31:59 📋 [DLQ] Queue game.dlq.unroutable.q: retrieved 2 messages
2025/08/16 17:31:59 🔍 [DLQ Categorize] Queue: game.dlq.unroutable.q
2025/08/16 17:31:59 🔍 [DLQ Categorize] Queue: game.dlq.unroutable.q
[GIN] 2025/08/16 - 17:31:59 | 200 |   19.110333ms |             ::1 | GET      "/api/dlq/list"
2025/08/16 17:31:59 📋 [DLQ] Queue game.dlq.expired.q: attempting to peek up to 1000 messages
2025/08/16 17:31:59 📋 [DLQ] Queue game.dlq.expired.q: retrieved 0 messages
2025/08/16 17:31:59 📋 [DLQ] Queue game.dlq.failed.q: attempting to peek up to 1000 messages
2025/08/16 17:31:59 📋 [DLQ] Queue game.dlq.failed.q: retrieved 0 messages
2025/08/16 17:31:59 📋 [DLQ] Queue game.dlq.retry.q: attempting to peek up to 1000 messages
2025/08/16 17:31:59 📊 [RabbitMQ-Go] Derived metrics: 5 queues, 1 total pending, 0 consumers
[GIN] 2025/08/16 - 17:31:59 | 200 |       2.835ms |             ::1 | GET      "/api/rabbitmq/metrics"
2025/08/16 17:31:59 📋 [DLQ] Queue game.dlq.retry.q: retrieved 0 messages
2025/08/16 17:31:59 📋 [DLQ] Queue game.dlq.unroutable.q: attempting to peek up to 1000 messages
2025/08/16 17:31:59 📋 [DLQ] Queue game.dlq.unroutable.q: retrieved 2 messages
2025/08/16 17:31:59 🔍 [DLQ Categorize] Queue: game.dlq.unroutable.q
2025/08/16 17:31:59 🔍 [DLQ Categorize] Queue: game.dlq.unroutable.q
[GIN] 2025/08/16 - 17:31:59 | 200 |   12.433541ms |             ::1 | GET      "/api/dlq/list"
2025/08/16 17:31:59 📋 [DLQ] Queue game.dlq.expired.q: attempting to peek up to 1000 messages
2025/08/16 17:31:59 📋 [DLQ] Queue game.dlq.expired.q: retrieved 0 messages
2025/08/16 17:31:59 📋 [DLQ] Queue game.dlq.failed.q: attempting to peek up to 1000 messages
2025/08/16 17:31:59 📊 [RabbitMQ-Go] Derived metrics: 5 queues, 1 total pending, 0 consumers
[GIN] 2025/08/16 - 17:31:59 | 200 |    3.342667ms |             ::1 | GET      "/api/rabbitmq/metrics"
2025/08/16 17:31:59 📋 [DLQ] Queue game.dlq.failed.q: retrieved 0 messages
2025/08/16 17:31:59 📋 [DLQ] Queue game.dlq.retry.q: attempting to peek up to 1000 messages
2025/08/16 17:31:59 📋 [DLQ] Queue game.dlq.retry.q: retrieved 0 messages
2025/08/16 17:31:59 📋 [DLQ] Queue game.dlq.unroutable.q: attempting to peek up to 1000 messages
2025/08/16 17:31:59 📋 [DLQ] Queue game.dlq.unroutable.q: retrieved 2 messages
2025/08/16 17:31:59 🔍 [DLQ Categorize] Queue: game.dlq.unroutable.q
2025/08/16 17:31:59 🔍 [DLQ Categorize] Queue: game.dlq.unroutable.q
[GIN] 2025/08/16 - 17:31:59 | 200 |    8.871667ms |             ::1 | GET      "/api/dlq/list"
2025/08/16 17:31:59 📋 [DLQ] Queue game.dlq.expired.q: attempting to peek up to 1000 messages
[GIN] 2025/08/16 - 17:31:59 | 200 |    1.240166ms |             ::1 | GET      "/api/pending/list"
2025/08/16 17:31:59 📋 [DLQ] Queue game.dlq.expired.q: retrieved 0 messages
2025/08/16 17:31:59 📋 [DLQ] Queue game.dlq.failed.q: attempting to peek up to 1000 messages
2025/08/16 17:31:59 📋 [DLQ] Queue game.dlq.failed.q: retrieved 0 messages
2025/08/16 17:31:59 📋 [DLQ] Queue game.dlq.retry.q: attempting to peek up to 1000 messages
2025/08/16 17:31:59 📋 [DLQ] Queue game.dlq.retry.q: retrieved 0 messages
2025/08/16 17:31:59 📋 [DLQ] Queue game.dlq.unroutable.q: attempting to peek up to 1000 messages
2025/08/16 17:31:59 📋 [DLQ] Queue game.dlq.unroutable.q: retrieved 2 messages
2025/08/16 17:31:59 🔍 [DLQ Categorize] Queue: game.dlq.unroutable.q
2025/08/16 17:31:59 🔍 [DLQ Categorize] Queue: game.dlq.unroutable.q
[GIN] 2025/08/16 - 17:31:59 | 200 |    9.269084ms |             ::1 | GET      "/api/dlq/list"
2025/08/16 17:31:59 📋 [DLQ] Queue game.dlq.expired.q: attempting to peek up to 1000 messages
2025/08/16 17:31:59 📋 [DLQ] Queue game.dlq.expired.q: retrieved 0 messages
2025/08/16 17:31:59 📋 [DLQ] Queue game.dlq.failed.q: attempting to peek up to 1000 messages
2025/08/16 17:31:59 📋 [DLQ] Queue game.dlq.failed.q: retrieved 0 messages
2025/08/16 17:31:59 📋 [DLQ] Queue game.dlq.retry.q: attempting to peek up to 1000 messages
2025/08/16 17:31:59 📋 [DLQ] Queue game.dlq.retry.q: retrieved 0 messages
2025/08/16 17:31:59 📋 [DLQ] Queue game.dlq.unroutable.q: attempting to peek up to 1000 messages
2025/08/16 17:31:59 📋 [DLQ] Queue game.dlq.unroutable.q: retrieved 2 messages
2025/08/16 17:31:59 🔍 [DLQ Categorize] Queue: game.dlq.unroutable.q
2025/08/16 17:31:59 🔍 [DLQ Categorize] Queue: game.dlq.unroutable.q
[GIN] 2025/08/16 - 17:31:59 | 200 |     7.60675ms |             ::1 | GET      "/api/dlq/list"
2025/08/16 17:31:59 📊 [RabbitMQ-Go] Derived metrics: 5 queues, 1 total pending, 0 consumers
[GIN] 2025/08/16 - 17:31:59 | 200 |      383.75µs |             ::1 | GET      "/api/workers/status"
[GIN] 2025/08/16 - 17:31:59 | 200 |     396.333µs |             ::1 | GET      "/api/workers/status"
2025/08/16 17:31:59 📋 [DLQ] Queue game.dlq.expired.q: attempting to peek up to 1000 messages
[GIN] 2025/08/16 - 17:31:59 | 200 |    4.685833ms |             ::1 | GET      "/api/rabbitmq/queues"
[GIN] 2025/08/16 - 17:31:59 | 200 |    4.824625ms |             ::1 | GET      "/api/pending/list"
2025/08/16 17:31:59 📋 [DLQ] Queue game.dlq.expired.q: retrieved 0 messages
2025/08/16 17:31:59 📋 [DLQ] Queue game.dlq.failed.q: attempting to peek up to 1000 messages
2025/08/16 17:31:59 📋 [DLQ] Queue game.dlq.failed.q: retrieved 0 messages
2025/08/16 17:31:59 📋 [DLQ] Queue game.dlq.retry.q: attempting to peek up to 1000 messages
2025/08/16 17:31:59 📋 [DLQ] Queue game.dlq.retry.q: retrieved 0 messages
2025/08/16 17:31:59 📋 [DLQ] Queue game.dlq.unroutable.q: attempting to peek up to 1000 messages
2025/08/16 17:31:59 📋 [DLQ] Queue game.dlq.unroutable.q: retrieved 2 messages
2025/08/16 17:31:59 🔍 [DLQ Categorize] Queue: game.dlq.unroutable.q
2025/08/16 17:31:59 🔍 [DLQ Categorize] Queue: game.dlq.unroutable.q
[GIN] 2025/08/16 - 17:31:59 | 200 |      16.373ms |             ::1 | GET      "/api/dlq/list"
2025/08/16 17:31:59 📋 [DLQ] Queue game.dlq.expired.q: attempting to peek up to 1000 messages
2025/08/16 17:31:59 📊 [RabbitMQ-Go] Derived metrics: 5 queues, 1 total pending, 0 consumers
[GIN] 2025/08/16 - 17:31:59 | 200 |    2.043083ms |             ::1 | GET      "/api/rabbitmq/metrics"
2025/08/16 17:31:59 📋 [DLQ] Queue game.dlq.expired.q: retrieved 0 messages
2025/08/16 17:31:59 📋 [DLQ] Queue game.dlq.failed.q: attempting to peek up to 1000 messages
2025/08/16 17:31:59 📋 [DLQ] Queue game.dlq.failed.q: retrieved 0 messages
2025/08/16 17:31:59 📋 [DLQ] Queue game.dlq.retry.q: attempting to peek up to 1000 messages
2025/08/16 17:31:59 📋 [DLQ] Queue game.dlq.retry.q: retrieved 0 messages
2025/08/16 17:31:59 📋 [DLQ] Queue game.dlq.unroutable.q: attempting to peek up to 1000 messages
2025/08/16 17:31:59 📋 [DLQ] Queue game.dlq.unroutable.q: retrieved 2 messages
2025/08/16 17:31:59 🔍 [DLQ Categorize] Queue: game.dlq.unroutable.q
2025/08/16 17:31:59 🔍 [DLQ Categorize] Queue: game.dlq.unroutable.q
[GIN] 2025/08/16 - 17:31:59 | 200 |   11.630542ms |             ::1 | GET      "/api/dlq/list"
[GIN] 2025/08/16 - 17:32:00 | 200 |     472.708µs |             ::1 | GET      "/api/workers/status"
[GIN] 2025/08/16 - 17:32:00 | 200 |     440.584µs |             ::1 | GET      "/api/workers/status"
2025/08/16 17:32:00 📋 [DLQ] Queue game.dlq.expired.q: attempting to peek up to 1000 messages
[GIN] 2025/08/16 - 17:32:00 | 200 |    3.475416ms |             ::1 | GET      "/api/rabbitmq/queues"
[GIN] 2025/08/16 - 17:32:00 | 200 |       4.104ms |             ::1 | GET      "/api/pending/list"
2025/08/16 17:32:00 📋 [DLQ] Queue game.dlq.expired.q: retrieved 0 messages
2025/08/16 17:32:00 📋 [DLQ] Queue game.dlq.failed.q: attempting to peek up to 1000 messages
2025/08/16 17:32:00 📋 [DLQ] Queue game.dlq.failed.q: retrieved 0 messages
2025/08/16 17:32:00 📋 [DLQ] Queue game.dlq.retry.q: attempting to peek up to 1000 messages
2025/08/16 17:32:00 📋 [DLQ] Queue game.dlq.retry.q: retrieved 0 messages
2025/08/16 17:32:00 📋 [DLQ] Queue game.dlq.unroutable.q: attempting to peek up to 1000 messages
2025/08/16 17:32:00 📋 [DLQ] Queue game.dlq.unroutable.q: retrieved 2 messages
2025/08/16 17:32:00 🔍 [DLQ Categorize] Queue: game.dlq.unroutable.q
2025/08/16 17:32:00 🔍 [DLQ Categorize] Queue: game.dlq.unroutable.q
[GIN] 2025/08/16 - 17:32:00 | 200 |   12.277042ms |             ::1 | GET      "/api/dlq/list"
2025/08/16 17:32:00 📋 [DLQ] Queue game.dlq.expired.q: attempting to peek up to 1000 messages
2025/08/16 17:32:00 📊 [RabbitMQ-Go] Derived metrics: 5 queues, 1 total pending, 0 consumers
[GIN] 2025/08/16 - 17:32:00 | 200 |      2.1425ms |             ::1 | GET      "/api/rabbitmq/metrics"
2025/08/16 17:32:00 📋 [DLQ] Queue game.dlq.expired.q: retrieved 0 messages
2025/08/16 17:32:00 📋 [DLQ] Queue game.dlq.failed.q: attempting to peek up to 1000 messages
2025/08/16 17:32:00 📋 [DLQ] Queue game.dlq.failed.q: retrieved 0 messages
2025/08/16 17:32:00 📋 [DLQ] Queue game.dlq.retry.q: attempting to peek up to 1000 messages
2025/08/16 17:32:00 📋 [DLQ] Queue game.dlq.retry.q: retrieved 0 messages
2025/08/16 17:32:00 📋 [DLQ] Queue game.dlq.unroutable.q: attempting to peek up to 1000 messages
2025/08/16 17:32:00 📋 [DLQ] Queue game.dlq.unroutable.q: retrieved 2 messages
2025/08/16 17:32:00 🔍 [DLQ Categorize] Queue: game.dlq.unroutable.q
2025/08/16 17:32:00 🔍 [DLQ Categorize] Queue: game.dlq.unroutable.q
[GIN] 2025/08/16 - 17:32:00 | 200 |    8.578125ms |             ::1 | GET      "/api/dlq/list"
[GIN] 2025/08/16 - 17:32:00 | 200 |     640.167µs |             ::1 | GET      "/api/workers/status"
[GIN] 2025/08/16 - 17:32:00 | 200 |     341.333µs |             ::1 | GET      "/api/workers/status"
2025/08/16 17:32:00 📋 [DLQ] Queue game.dlq.expired.q: attempting to peek up to 1000 messages
[GIN] 2025/08/16 - 17:32:00 | 200 |    3.984208ms |             ::1 | GET      "/api/pending/list"
[GIN] 2025/08/16 - 17:32:00 | 200 |    5.751834ms |             ::1 | GET      "/api/rabbitmq/queues"
2025/08/16 17:32:00 📋 [DLQ] Queue game.dlq.expired.q: retrieved 0 messages
2025/08/16 17:32:00 📋 [DLQ] Queue game.dlq.failed.q: attempting to peek up to 1000 messages
2025/08/16 17:32:00 📋 [DLQ] Queue game.dlq.failed.q: retrieved 0 messages
2025/08/16 17:32:00 📋 [DLQ] Queue game.dlq.retry.q: attempting to peek up to 1000 messages
2025/08/16 17:32:00 📋 [DLQ] Queue game.dlq.retry.q: retrieved 0 messages
2025/08/16 17:32:00 📋 [DLQ] Queue game.dlq.unroutable.q: attempting to peek up to 1000 messages
2025/08/16 17:32:00 📋 [DLQ] Queue game.dlq.unroutable.q: retrieved 2 messages
2025/08/16 17:32:00 🔍 [DLQ Categorize] Queue: game.dlq.unroutable.q
2025/08/16 17:32:00 🔍 [DLQ Categorize] Queue: game.dlq.unroutable.q
[GIN] 2025/08/16 - 17:32:00 | 200 |   15.818417ms |             ::1 | GET      "/api/dlq/list"
2025/08/16 17:32:00 📋 [DLQ] Queue game.dlq.expired.q: attempting to peek up to 1000 messages
2025/08/16 17:32:00 📊 [RabbitMQ-Go] Derived metrics: 5 queues, 1 total pending, 0 consumers
[GIN] 2025/08/16 - 17:32:00 | 200 |    2.156417ms |             ::1 | GET      "/api/rabbitmq/metrics"
2025/08/16 17:32:00 📋 [DLQ] Queue game.dlq.expired.q: retrieved 0 messages
2025/08/16 17:32:00 📋 [DLQ] Queue game.dlq.failed.q: attempting to peek up to 1000 messages
2025/08/16 17:32:00 📋 [DLQ] Queue game.dlq.failed.q: retrieved 0 messages
2025/08/16 17:32:00 📋 [DLQ] Queue game.dlq.retry.q: attempting to peek up to 1000 messages
2025/08/16 17:32:00 📋 [DLQ] Queue game.dlq.retry.q: retrieved 0 messages
2025/08/16 17:32:00 📋 [DLQ] Queue game.dlq.unroutable.q: attempting to peek up to 1000 messages
2025/08/16 17:32:00 📋 [DLQ] Queue game.dlq.unroutable.q: retrieved 2 messages
2025/08/16 17:32:00 🔍 [DLQ Categorize] Queue: game.dlq.unroutable.q
2025/08/16 17:32:00 🔍 [DLQ Categorize] Queue: game.dlq.unroutable.q
[GIN] 2025/08/16 - 17:32:00 | 200 |   10.907875ms |             ::1 | GET      "/api/dlq/list"
[GIN] 2025/08/16 - 17:32:01 | 200 |     469.375µs |             ::1 | GET      "/api/workers/status"
[GIN] 2025/08/16 - 17:32:01 | 200 |     300.833µs |             ::1 | GET      "/api/workers/status"
2025/08/16 17:32:01 📋 [DLQ] Queue game.dlq.expired.q: attempting to peek up to 1000 messages
[GIN] 2025/08/16 - 17:32:01 | 200 |    4.290833ms |             ::1 | GET      "/api/rabbitmq/queues"
[GIN] 2025/08/16 - 17:32:01 | 200 |     5.29825ms |             ::1 | GET      "/api/pending/list"
2025/08/16 17:32:01 📋 [DLQ] Queue game.dlq.expired.q: retrieved 0 messages
2025/08/16 17:32:01 📋 [DLQ] Queue game.dlq.failed.q: attempting to peek up to 1000 messages
2025/08/16 17:32:01 📋 [DLQ] Queue game.dlq.failed.q: retrieved 0 messages
2025/08/16 17:32:01 📋 [DLQ] Queue game.dlq.retry.q: attempting to peek up to 1000 messages
2025/08/16 17:32:01 📋 [DLQ] Queue game.dlq.retry.q: retrieved 0 messages
2025/08/16 17:32:01 📋 [DLQ] Queue game.dlq.unroutable.q: attempting to peek up to 1000 messages
2025/08/16 17:32:01 📋 [DLQ] Queue game.dlq.unroutable.q: retrieved 2 messages
2025/08/16 17:32:01 🔍 [DLQ Categorize] Queue: game.dlq.unroutable.q
2025/08/16 17:32:01 🔍 [DLQ Categorize] Queue: game.dlq.unroutable.q
[GIN] 2025/08/16 - 17:32:01 | 200 |   16.421834ms |             ::1 | GET      "/api/dlq/list"
2025/08/16 17:32:01 📋 [DLQ] Queue game.dlq.expired.q: attempting to peek up to 1000 messages
2025/08/16 17:32:01 📋 [DLQ] Queue game.dlq.expired.q: retrieved 0 messages
2025/08/16 17:32:01 📋 [DLQ] Queue game.dlq.failed.q: attempting to peek up to 1000 messages
2025/08/16 17:32:01 📊 [RabbitMQ-Go] Derived metrics: 5 queues, 2 total pending, 0 consumers
[GIN] 2025/08/16 - 17:32:01 | 200 |     3.42925ms |             ::1 | GET      "/api/rabbitmq/metrics"
2025/08/16 17:32:01 📋 [DLQ] Queue game.dlq.failed.q: retrieved 0 messages
2025/08/16 17:32:01 📋 [DLQ] Queue game.dlq.retry.q: attempting to peek up to 1000 messages
2025/08/16 17:32:01 📋 [DLQ] Queue game.dlq.retry.q: retrieved 0 messages
2025/08/16 17:32:01 📋 [DLQ] Queue game.dlq.unroutable.q: attempting to peek up to 1000 messages
2025/08/16 17:32:01 📋 [DLQ] Queue game.dlq.unroutable.q: retrieved 2 messages
2025/08/16 17:32:01 🔍 [DLQ Categorize] Queue: game.dlq.unroutable.q
2025/08/16 17:32:01 🔍 [DLQ Categorize] Queue: game.dlq.unroutable.q
[GIN] 2025/08/16 - 17:32:01 | 200 |   11.334917ms |             ::1 | GET      "/api/dlq/list"
2025/08/16 17:32:01 📊 [RabbitMQ-Go] Derived metrics: 5 queues, 2 total pending, 0 consumers
[GIN] 2025/08/16 - 17:32:01 | 200 |     329.083µs |             ::1 | GET      "/api/workers/status"
[GIN] 2025/08/16 - 17:32:01 | 200 |     194.625µs |             ::1 | GET      "/api/workers/status"
2025/08/16 17:32:01 📋 [DLQ] Queue game.dlq.expired.q: attempting to peek up to 1000 messages
[GIN] 2025/08/16 - 17:32:01 | 200 |    2.909708ms |             ::1 | GET      "/api/pending/list"
[GIN] 2025/08/16 - 17:32:01 | 200 |    2.954041ms |             ::1 | GET      "/api/rabbitmq/queues"
2025/08/16 17:32:01 📋 [DLQ] Queue game.dlq.expired.q: retrieved 0 messages
2025/08/16 17:32:01 📋 [DLQ] Queue game.dlq.failed.q: attempting to peek up to 1000 messages
2025/08/16 17:32:01 📋 [DLQ] Queue game.dlq.failed.q: retrieved 0 messages
2025/08/16 17:32:01 📋 [DLQ] Queue game.dlq.retry.q: attempting to peek up to 1000 messages
2025/08/16 17:32:01 📋 [DLQ] Queue game.dlq.retry.q: retrieved 0 messages
2025/08/16 17:32:01 📋 [DLQ] Queue game.dlq.unroutable.q: attempting to peek up to 1000 messages
2025/08/16 17:32:01 📋 [DLQ] Queue game.dlq.unroutable.q: retrieved 2 messages
2025/08/16 17:32:01 🔍 [DLQ Categorize] Queue: game.dlq.unroutable.q
2025/08/16 17:32:01 🔍 [DLQ Categorize] Queue: game.dlq.unroutable.q
[GIN] 2025/08/16 - 17:32:01 | 200 |   10.540459ms |             ::1 | GET      "/api/dlq/list"
2025/08/16 17:32:01 📋 [DLQ] Queue game.dlq.expired.q: attempting to peek up to 1000 messages
2025/08/16 17:32:01 📊 [RabbitMQ-Go] Derived metrics: 5 queues, 2 total pending, 0 consumers
[GIN] 2025/08/16 - 17:32:01 | 200 |    1.965459ms |             ::1 | GET      "/api/rabbitmq/metrics"
2025/08/16 17:32:01 📋 [DLQ] Queue game.dlq.expired.q: retrieved 0 messages
2025/08/16 17:32:01 📋 [DLQ] Queue game.dlq.failed.q: attempting to peek up to 1000 messages
2025/08/16 17:32:01 📋 [DLQ] Queue game.dlq.failed.q: retrieved 0 messages
2025/08/16 17:32:01 📋 [DLQ] Queue game.dlq.retry.q: attempting to peek up to 1000 messages
2025/08/16 17:32:01 📋 [DLQ] Queue game.dlq.retry.q: retrieved 0 messages
2025/08/16 17:32:01 📋 [DLQ] Queue game.dlq.unroutable.q: attempting to peek up to 1000 messages
2025/08/16 17:32:01 📋 [DLQ] Queue game.dlq.unroutable.q: retrieved 2 messages
2025/08/16 17:32:01 🔍 [DLQ Categorize] Queue: game.dlq.unroutable.q
2025/08/16 17:32:01 🔍 [DLQ Categorize] Queue: game.dlq.unroutable.q
[GIN] 2025/08/16 - 17:32:01 | 200 |    8.883708ms |             ::1 | GET      "/api/dlq/list"
[GIN] 2025/08/16 - 17:32:02 | 200 |    1.085417ms |             ::1 | GET      "/api/workers/status"
[GIN] 2025/08/16 - 17:32:02 | 200 |     196.833µs |             ::1 | GET      "/api/workers/status"
2025/08/16 17:32:02 📋 [DLQ] Queue game.dlq.expired.q: attempting to peek up to 1000 messages
[GIN] 2025/08/16 - 17:32:02 | 200 |     2.62225ms |             ::1 | GET      "/api/rabbitmq/queues"
[GIN] 2025/08/16 - 17:32:02 | 200 |     4.00675ms |             ::1 | GET      "/api/pending/list"
2025/08/16 17:32:02 📋 [DLQ] Queue game.dlq.expired.q: retrieved 0 messages
2025/08/16 17:32:02 📋 [DLQ] Queue game.dlq.failed.q: attempting to peek up to 1000 messages
2025/08/16 17:32:02 📋 [DLQ] Queue game.dlq.failed.q: retrieved 0 messages
2025/08/16 17:32:02 📋 [DLQ] Queue game.dlq.retry.q: attempting to peek up to 1000 messages
2025/08/16 17:32:02 📋 [DLQ] Queue game.dlq.retry.q: retrieved 0 messages
2025/08/16 17:32:02 📋 [DLQ] Queue game.dlq.unroutable.q: attempting to peek up to 1000 messages
2025/08/16 17:32:02 📋 [DLQ] Queue game.dlq.unroutable.q: retrieved 2 messages
2025/08/16 17:32:02 🔍 [DLQ Categorize] Queue: game.dlq.unroutable.q
2025/08/16 17:32:02 🔍 [DLQ Categorize] Queue: game.dlq.unroutable.q
[GIN] 2025/08/16 - 17:32:02 | 200 |    12.93375ms |             ::1 | GET      "/api/dlq/list"
2025/08/16 17:32:02 📋 [DLQ] Queue game.dlq.expired.q: attempting to peek up to 1000 messages
2025/08/16 17:32:02 📋 [DLQ] Queue game.dlq.expired.q: retrieved 0 messages
2025/08/16 17:32:02 📋 [DLQ] Queue game.dlq.failed.q: attempting to peek up to 1000 messages
2025/08/16 17:32:02 📊 [RabbitMQ-Go] Derived metrics: 5 queues, 2 total pending, 0 consumers
[GIN] 2025/08/16 - 17:32:02 | 200 |    6.870125ms |             ::1 | GET      "/api/rabbitmq/metrics"
2025/08/16 17:32:02 📋 [DLQ] Queue game.dlq.failed.q: retrieved 0 messages
2025/08/16 17:32:02 📋 [DLQ] Queue game.dlq.retry.q: attempting to peek up to 1000 messages
2025/08/16 17:32:02 📋 [DLQ] Queue game.dlq.retry.q: retrieved 0 messages
2025/08/16 17:32:02 📋 [DLQ] Queue game.dlq.unroutable.q: attempting to peek up to 1000 messages
2025/08/16 17:32:02 📋 [DLQ] Queue game.dlq.unroutable.q: retrieved 2 messages
2025/08/16 17:32:02 🔍 [DLQ Categorize] Queue: game.dlq.unroutable.q
2025/08/16 17:32:02 🔍 [DLQ Categorize] Queue: game.dlq.unroutable.q
[GIN] 2025/08/16 - 17:32:02 | 200 |   20.851416ms |             ::1 | GET      "/api/dlq/list"
[GIN] 2025/08/16 - 17:32:02 | 200 |     486.625µs |             ::1 | GET      "/api/workers/status"
[GIN] 2025/08/16 - 17:32:02 | 200 |     302.042µs |             ::1 | GET      "/api/workers/status"
[GIN] 2025/08/16 - 17:32:02 | 200 |    3.748791ms |             ::1 | GET      "/api/pending/list"
[GIN] 2025/08/16 - 17:32:02 | 200 |    3.680208ms |             ::1 | GET      "/api/rabbitmq/queues"
2025/08/16 17:32:02 📋 [DLQ] Queue game.dlq.expired.q: attempting to peek up to 1000 messages
2025/08/16 17:32:02 📋 [DLQ] Queue game.dlq.expired.q: retrieved 0 messages
2025/08/16 17:32:02 📋 [DLQ] Queue game.dlq.failed.q: attempting to peek up to 1000 messages
2025/08/16 17:32:02 📋 [DLQ] Queue game.dlq.failed.q: retrieved 0 messages
2025/08/16 17:32:02 📋 [DLQ] Queue game.dlq.retry.q: attempting to peek up to 1000 messages
2025/08/16 17:32:02 📋 [DLQ] Queue game.dlq.retry.q: retrieved 0 messages
2025/08/16 17:32:02 📋 [DLQ] Queue game.dlq.unroutable.q: attempting to peek up to 1000 messages
2025/08/16 17:32:02 📋 [DLQ] Queue game.dlq.unroutable.q: retrieved 2 messages
2025/08/16 17:32:02 🔍 [DLQ Categorize] Queue: game.dlq.unroutable.q
2025/08/16 17:32:02 🔍 [DLQ Categorize] Queue: game.dlq.unroutable.q
[GIN] 2025/08/16 - 17:32:02 | 200 |   14.598709ms |             ::1 | GET      "/api/dlq/list"
2025/08/16 17:32:02 📋 [DLQ] Queue game.dlq.expired.q: attempting to peek up to 1000 messages
2025/08/16 17:32:02 📊 [RabbitMQ-Go] Derived metrics: 5 queues, 2 total pending, 0 consumers
[GIN] 2025/08/16 - 17:32:02 | 200 |    2.029875ms |             ::1 | GET      "/api/rabbitmq/metrics"
2025/08/16 17:32:02 📋 [DLQ] Queue game.dlq.expired.q: retrieved 0 messages
2025/08/16 17:32:02 📋 [DLQ] Queue game.dlq.failed.q: attempting to peek up to 1000 messages
2025/08/16 17:32:02 📋 [DLQ] Queue game.dlq.failed.q: retrieved 0 messages
2025/08/16 17:32:02 📋 [DLQ] Queue game.dlq.retry.q: attempting to peek up to 1000 messages
2025/08/16 17:32:02 📋 [DLQ] Queue game.dlq.retry.q: retrieved 0 messages
2025/08/16 17:32:02 📋 [DLQ] Queue game.dlq.unroutable.q: attempting to peek up to 1000 messages
2025/08/16 17:32:02 📋 [DLQ] Queue game.dlq.unroutable.q: retrieved 2 messages
2025/08/16 17:32:02 🔍 [DLQ Categorize] Queue: game.dlq.unroutable.q
2025/08/16 17:32:02 🔍 [DLQ Categorize] Queue: game.dlq.unroutable.q
[GIN] 2025/08/16 - 17:32:02 | 200 |   11.828791ms |             ::1 | GET      "/api/dlq/list"
[GIN] 2025/08/16 - 17:32:03 | 200 |     418.208µs |             ::1 | GET      "/api/workers/status"
[GIN] 2025/08/16 - 17:32:03 | 200 |     247.541µs |             ::1 | GET      "/api/workers/status"
2025/08/16 17:32:03 📋 [DLQ] Queue game.dlq.expired.q: attempting to peek up to 1000 messages
[GIN] 2025/08/16 - 17:32:03 | 200 |    4.728291ms |             ::1 | GET      "/api/pending/list"
[GIN] 2025/08/16 - 17:32:03 | 200 |    4.798667ms |             ::1 | GET      "/api/rabbitmq/queues"
2025/08/16 17:32:03 📋 [DLQ] Queue game.dlq.expired.q: retrieved 0 messages
2025/08/16 17:32:03 📋 [DLQ] Queue game.dlq.failed.q: attempting to peek up to 1000 messages
2025/08/16 17:32:03 📋 [DLQ] Queue game.dlq.failed.q: retrieved 0 messages
2025/08/16 17:32:03 📋 [DLQ] Queue game.dlq.retry.q: attempting to peek up to 1000 messages
2025/08/16 17:32:03 📋 [DLQ] Queue game.dlq.retry.q: retrieved 0 messages
2025/08/16 17:32:03 📋 [DLQ] Queue game.dlq.unroutable.q: attempting to peek up to 1000 messages
2025/08/16 17:32:03 📋 [DLQ] Queue game.dlq.unroutable.q: retrieved 2 messages
2025/08/16 17:32:03 🔍 [DLQ Categorize] Queue: game.dlq.unroutable.q
2025/08/16 17:32:03 🔍 [DLQ Categorize] Queue: game.dlq.unroutable.q
[GIN] 2025/08/16 - 17:32:03 | 200 |      14.402ms |             ::1 | GET      "/api/dlq/list"
2025/08/16 17:32:03 📋 [DLQ] Queue game.dlq.expired.q: attempting to peek up to 1000 messages
2025/08/16 17:32:03 📊 [RabbitMQ-Go] Derived metrics: 5 queues, 2 total pending, 0 consumers
[GIN] 2025/08/16 - 17:32:03 | 200 |    2.126875ms |             ::1 | GET      "/api/rabbitmq/metrics"
2025/08/16 17:32:03 📋 [DLQ] Queue game.dlq.expired.q: retrieved 0 messages
2025/08/16 17:32:03 📋 [DLQ] Queue game.dlq.failed.q: attempting to peek up to 1000 messages
2025/08/16 17:32:03 📋 [DLQ] Queue game.dlq.failed.q: retrieved 0 messages
2025/08/16 17:32:03 📋 [DLQ] Queue game.dlq.retry.q: attempting to peek up to 1000 messages
2025/08/16 17:32:03 📋 [DLQ] Queue game.dlq.retry.q: retrieved 0 messages
2025/08/16 17:32:03 📋 [DLQ] Queue game.dlq.unroutable.q: attempting to peek up to 1000 messages
2025/08/16 17:32:03 📋 [DLQ] Queue game.dlq.unroutable.q: retrieved 2 messages
2025/08/16 17:32:03 🔍 [DLQ Categorize] Queue: game.dlq.unroutable.q
2025/08/16 17:32:03 🔍 [DLQ Categorize] Queue: game.dlq.unroutable.q
[GIN] 2025/08/16 - 17:32:03 | 200 |     9.43425ms |             ::1 | GET      "/api/dlq/list"
2025/08/16 17:32:03 📊 [RabbitMQ-Go] Derived metrics: 5 queues, 2 total pending, 0 consumers
[GIN] 2025/08/16 - 17:32:03 | 200 |     769.291µs |             ::1 | GET      "/api/workers/status"
[GIN] 2025/08/16 - 17:32:03 | 200 |     229.167µs |             ::1 | GET      "/api/workers/status"
2025/08/16 17:32:03 📋 [DLQ] Queue game.dlq.expired.q: attempting to peek up to 1000 messages
[GIN] 2025/08/16 - 17:32:03 | 200 |     3.80475ms |             ::1 | GET      "/api/rabbitmq/queues"
[GIN] 2025/08/16 - 17:32:03 | 200 |    3.944916ms |             ::1 | GET      "/api/pending/list"
2025/08/16 17:32:03 📋 [DLQ] Queue game.dlq.expired.q: retrieved 0 messages
2025/08/16 17:32:03 📋 [DLQ] Queue game.dlq.failed.q: attempting to peek up to 1000 messages
2025/08/16 17:32:03 📋 [DLQ] Queue game.dlq.failed.q: retrieved 0 messages
2025/08/16 17:32:03 📋 [DLQ] Queue game.dlq.retry.q: attempting to peek up to 1000 messages
2025/08/16 17:32:03 📋 [DLQ] Queue game.dlq.retry.q: retrieved 0 messages
2025/08/16 17:32:03 📋 [DLQ] Queue game.dlq.unroutable.q: attempting to peek up to 1000 messages
2025/08/16 17:32:03 📋 [DLQ] Queue game.dlq.unroutable.q: retrieved 2 messages
2025/08/16 17:32:03 🔍 [DLQ Categorize] Queue: game.dlq.unroutable.q
2025/08/16 17:32:03 🔍 [DLQ Categorize] Queue: game.dlq.unroutable.q
[GIN] 2025/08/16 - 17:32:03 | 200 |   13.162375ms |             ::1 | GET      "/api/dlq/list"
2025/08/16 17:32:03 📋 [DLQ] Queue game.dlq.expired.q: attempting to peek up to 1000 messages
2025/08/16 17:32:03 📋 [DLQ] Queue game.dlq.expired.q: retrieved 0 messages
2025/08/16 17:32:03 📋 [DLQ] Queue game.dlq.failed.q: attempting to peek up to 1000 messages
2025/08/16 17:32:03 📊 [RabbitMQ-Go] Derived metrics: 5 queues, 2 total pending, 0 consumers
[GIN] 2025/08/16 - 17:32:03 | 200 |    2.743292ms |             ::1 | GET      "/api/rabbitmq/metrics"
2025/08/16 17:32:03 📋 [DLQ] Queue game.dlq.failed.q: retrieved 0 messages
2025/08/16 17:32:03 📋 [DLQ] Queue game.dlq.retry.q: attempting to peek up to 1000 messages
2025/08/16 17:32:03 📋 [DLQ] Queue game.dlq.retry.q: retrieved 0 messages
2025/08/16 17:32:03 📋 [DLQ] Queue game.dlq.unroutable.q: attempting to peek up to 1000 messages
2025/08/16 17:32:03 📋 [DLQ] Queue game.dlq.unroutable.q: retrieved 2 messages
2025/08/16 17:32:03 🔍 [DLQ Categorize] Queue: game.dlq.unroutable.q
2025/08/16 17:32:03 🔍 [DLQ Categorize] Queue: game.dlq.unroutable.q
[GIN] 2025/08/16 - 17:32:03 | 200 |    9.172625ms |             ::1 | GET      "/api/dlq/list"
[GIN] 2025/08/16 - 17:32:04 | 200 |     378.083µs |             ::1 | GET      "/api/workers/status"
[GIN] 2025/08/16 - 17:32:04 | 200 |     499.584µs |             ::1 | GET      "/api/workers/status"
2025/08/16 17:32:04 📋 [DLQ] Queue game.dlq.expired.q: attempting to peek up to 1000 messages
[GIN] 2025/08/16 - 17:32:04 | 200 |    4.061459ms |             ::1 | GET      "/api/pending/list"
[GIN] 2025/08/16 - 17:32:04 | 200 |    5.527333ms |             ::1 | GET      "/api/rabbitmq/queues"
2025/08/16 17:32:04 📋 [DLQ] Queue game.dlq.expired.q: retrieved 0 messages
2025/08/16 17:32:04 📋 [DLQ] Queue game.dlq.failed.q: attempting to peek up to 1000 messages
2025/08/16 17:32:04 📋 [DLQ] Queue game.dlq.failed.q: retrieved 0 messages
2025/08/16 17:32:04 📋 [DLQ] Queue game.dlq.retry.q: attempting to peek up to 1000 messages
2025/08/16 17:32:04 📋 [DLQ] Queue game.dlq.retry.q: retrieved 0 messages
2025/08/16 17:32:04 📋 [DLQ] Queue game.dlq.unroutable.q: attempting to peek up to 1000 messages
2025/08/16 17:32:04 📋 [DLQ] Queue game.dlq.unroutable.q: retrieved 2 messages
2025/08/16 17:32:04 🔍 [DLQ Categorize] Queue: game.dlq.unroutable.q
2025/08/16 17:32:04 🔍 [DLQ Categorize] Queue: game.dlq.unroutable.q
[GIN] 2025/08/16 - 17:32:04 | 200 |   18.424833ms |             ::1 | GET      "/api/dlq/list"
2025/08/16 17:32:04 📋 [DLQ] Queue game.dlq.expired.q: attempting to peek up to 1000 messages
2025/08/16 17:32:04 📊 [RabbitMQ-Go] Derived metrics: 5 queues, 2 total pending, 0 consumers
[GIN] 2025/08/16 - 17:32:04 | 200 |    2.309625ms |             ::1 | GET      "/api/rabbitmq/metrics"
2025/08/16 17:32:04 📋 [DLQ] Queue game.dlq.expired.q: retrieved 0 messages
2025/08/16 17:32:04 📋 [DLQ] Queue game.dlq.failed.q: attempting to peek up to 1000 messages
2025/08/16 17:32:04 📋 [DLQ] Queue game.dlq.failed.q: retrieved 0 messages
2025/08/16 17:32:04 📋 [DLQ] Queue game.dlq.retry.q: attempting to peek up to 1000 messages
2025/08/16 17:32:04 📋 [DLQ] Queue game.dlq.retry.q: retrieved 0 messages
2025/08/16 17:32:04 📋 [DLQ] Queue game.dlq.unroutable.q: attempting to peek up to 1000 messages
2025/08/16 17:32:04 📋 [DLQ] Queue game.dlq.unroutable.q: retrieved 2 messages
2025/08/16 17:32:04 🔍 [DLQ Categorize] Queue: game.dlq.unroutable.q
2025/08/16 17:32:04 🔍 [DLQ Categorize] Queue: game.dlq.unroutable.q
[GIN] 2025/08/16 - 17:32:04 | 200 |    12.56225ms |             ::1 | GET      "/api/dlq/list"
[GIN] 2025/08/16 - 17:32:04 | 200 |         437µs |             ::1 | GET      "/api/workers/status"
[GIN] 2025/08/16 - 17:32:04 | 200 |         228µs |             ::1 | GET      "/api/workers/status"
[GIN] 2025/08/16 - 17:32:04 | 200 |    4.398875ms |             ::1 | GET      "/api/pending/list"
2025/08/16 17:32:04 📋 [DLQ] Queue game.dlq.expired.q: attempting to peek up to 1000 messages
[GIN] 2025/08/16 - 17:32:04 | 200 |    4.974375ms |             ::1 | GET      "/api/rabbitmq/queues"
2025/08/16 17:32:04 📋 [DLQ] Queue game.dlq.expired.q: retrieved 0 messages
2025/08/16 17:32:04 📋 [DLQ] Queue game.dlq.failed.q: attempting to peek up to 1000 messages
2025/08/16 17:32:04 📋 [DLQ] Queue game.dlq.failed.q: retrieved 0 messages
2025/08/16 17:32:04 📋 [DLQ] Queue game.dlq.retry.q: attempting to peek up to 1000 messages
2025/08/16 17:32:04 📋 [DLQ] Queue game.dlq.retry.q: retrieved 0 messages
2025/08/16 17:32:04 📋 [DLQ] Queue game.dlq.unroutable.q: attempting to peek up to 1000 messages
2025/08/16 17:32:04 📋 [DLQ] Queue game.dlq.unroutable.q: retrieved 2 messages
2025/08/16 17:32:04 🔍 [DLQ Categorize] Queue: game.dlq.unroutable.q
2025/08/16 17:32:04 🔍 [DLQ Categorize] Queue: game.dlq.unroutable.q
[GIN] 2025/08/16 - 17:32:04 | 200 |   16.795875ms |             ::1 | GET      "/api/dlq/list"
2025/08/16 17:32:04 📋 [DLQ] Queue game.dlq.expired.q: attempting to peek up to 1000 messages
2025/08/16 17:32:04 📊 [RabbitMQ-Go] Derived metrics: 5 queues, 2 total pending, 0 consumers
[GIN] 2025/08/16 - 17:32:04 | 200 |    2.805916ms |             ::1 | GET      "/api/rabbitmq/metrics"
2025/08/16 17:32:04 📋 [DLQ] Queue game.dlq.expired.q: retrieved 0 messages
2025/08/16 17:32:04 📋 [DLQ] Queue game.dlq.failed.q: attempting to peek up to 1000 messages
2025/08/16 17:32:04 📋 [DLQ] Queue game.dlq.failed.q: retrieved 0 messages
2025/08/16 17:32:04 📋 [DLQ] Queue game.dlq.retry.q: attempting to peek up to 1000 messages
2025/08/16 17:32:04 📋 [DLQ] Queue game.dlq.retry.q: retrieved 0 messages
2025/08/16 17:32:04 📋 [DLQ] Queue game.dlq.unroutable.q: attempting to peek up to 1000 messages
2025/08/16 17:32:04 📋 [DLQ] Queue game.dlq.unroutable.q: retrieved 2 messages
2025/08/16 17:32:04 🔍 [DLQ Categorize] Queue: game.dlq.unroutable.q
2025/08/16 17:32:04 🔍 [DLQ Categorize] Queue: game.dlq.unroutable.q
[GIN] 2025/08/16 - 17:32:04 | 200 |   12.649541ms |             ::1 | GET      "/api/dlq/list"
[GIN] 2025/08/16 - 17:32:05 | 200 |     421.208µs |             ::1 | GET      "/api/workers/status"
[GIN] 2025/08/16 - 17:32:05 | 200 |     207.208µs |             ::1 | GET      "/api/workers/status"
2025/08/16 17:32:05 📋 [DLQ] Queue game.dlq.expired.q: attempting to peek up to 1000 messages
[GIN] 2025/08/16 - 17:32:05 | 200 |    4.091584ms |             ::1 | GET      "/api/rabbitmq/queues"
[GIN] 2025/08/16 - 17:32:05 | 200 |    5.857625ms |             ::1 | GET      "/api/pending/list"
2025/08/16 17:32:05 📋 [DLQ] Queue game.dlq.expired.q: retrieved 0 messages
2025/08/16 17:32:05 📋 [DLQ] Queue game.dlq.failed.q: attempting to peek up to 1000 messages
2025/08/16 17:32:05 📋 [DLQ] Queue game.dlq.failed.q: retrieved 0 messages
2025/08/16 17:32:05 📋 [DLQ] Queue game.dlq.retry.q: attempting to peek up to 1000 messages
2025/08/16 17:32:05 📋 [DLQ] Queue game.dlq.retry.q: retrieved 0 messages
2025/08/16 17:32:05 📋 [DLQ] Queue game.dlq.unroutable.q: attempting to peek up to 1000 messages
2025/08/16 17:32:05 📋 [DLQ] Queue game.dlq.unroutable.q: retrieved 2 messages
2025/08/16 17:32:05 🔍 [DLQ Categorize] Queue: game.dlq.unroutable.q
2025/08/16 17:32:05 🔍 [DLQ Categorize] Queue: game.dlq.unroutable.q
[GIN] 2025/08/16 - 17:32:05 | 200 |   14.823834ms |             ::1 | GET      "/api/dlq/list"
2025/08/16 17:32:05 📋 [DLQ] Queue game.dlq.expired.q: attempting to peek up to 1000 messages
2025/08/16 17:32:05 📊 [RabbitMQ-Go] Derived metrics: 5 queues, 2 total pending, 0 consumers
2025/08/16 17:32:05 📋 [DLQ] Queue game.dlq.expired.q: retrieved 0 messages
2025/08/16 17:32:05 📋 [DLQ] Queue game.dlq.failed.q: attempting to peek up to 1000 messages
[GIN] 2025/08/16 - 17:32:05 | 200 |    2.449459ms |             ::1 | GET      "/api/rabbitmq/metrics"
2025/08/16 17:32:05 📋 [DLQ] Queue game.dlq.failed.q: retrieved 0 messages
2025/08/16 17:32:05 📋 [DLQ] Queue game.dlq.retry.q: attempting to peek up to 1000 messages
2025/08/16 17:32:05 📋 [DLQ] Queue game.dlq.retry.q: retrieved 0 messages
2025/08/16 17:32:05 📋 [DLQ] Queue game.dlq.unroutable.q: attempting to peek up to 1000 messages
2025/08/16 17:32:05 📋 [DLQ] Queue game.dlq.unroutable.q: retrieved 2 messages
2025/08/16 17:32:05 🔍 [DLQ Categorize] Queue: game.dlq.unroutable.q
2025/08/16 17:32:05 🔍 [DLQ Categorize] Queue: game.dlq.unroutable.q
[GIN] 2025/08/16 - 17:32:05 | 200 |    9.775459ms |             ::1 | GET      "/api/dlq/list"
[GIN] 2025/08/16 - 17:32:05 | 200 |     276.291µs |             ::1 | GET      "/api/health"
2025/08/16 17:32:05 📊 [RabbitMQ-Go] Derived metrics: 5 queues, 2 total pending, 0 consumers
[GIN] 2025/08/16 - 17:32:05 | 200 |     346.708µs |             ::1 | GET      "/api/workers/status"
[GIN] 2025/08/16 - 17:32:05 | 200 |     242.875µs |             ::1 | GET      "/api/workers/status"
2025/08/16 17:32:05 📋 [DLQ] Queue game.dlq.expired.q: attempting to peek up to 1000 messages
[GIN] 2025/08/16 - 17:32:05 | 200 |    3.521417ms |             ::1 | GET      "/api/rabbitmq/queues"
[GIN] 2025/08/16 - 17:32:05 | 200 |     4.33825ms |             ::1 | GET      "/api/pending/list"
2025/08/16 17:32:05 📋 [DLQ] Queue game.dlq.expired.q: retrieved 0 messages
2025/08/16 17:32:05 📋 [DLQ] Queue game.dlq.failed.q: attempting to peek up to 1000 messages
2025/08/16 17:32:05 📋 [DLQ] Queue game.dlq.failed.q: retrieved 0 messages
2025/08/16 17:32:05 📋 [DLQ] Queue game.dlq.retry.q: attempting to peek up to 1000 messages
2025/08/16 17:32:05 📋 [DLQ] Queue game.dlq.retry.q: retrieved 0 messages
2025/08/16 17:32:05 📋 [DLQ] Queue game.dlq.unroutable.q: attempting to peek up to 1000 messages
2025/08/16 17:32:05 📋 [DLQ] Queue game.dlq.unroutable.q: retrieved 2 messages
2025/08/16 17:32:05 🔍 [DLQ Categorize] Queue: game.dlq.unroutable.q
2025/08/16 17:32:05 🔍 [DLQ Categorize] Queue: game.dlq.unroutable.q
[GIN] 2025/08/16 - 17:32:05 | 200 |   15.416333ms |             ::1 | GET      "/api/dlq/list"
2025/08/16 17:32:05 📋 [DLQ] Queue game.dlq.expired.q: attempting to peek up to 1000 messages
2025/08/16 17:32:05 📊 [RabbitMQ-Go] Derived metrics: 5 queues, 2 total pending, 0 consumers
[GIN] 2025/08/16 - 17:32:05 | 200 |    2.063958ms |             ::1 | GET      "/api/rabbitmq/metrics"
2025/08/16 17:32:05 📋 [DLQ] Queue game.dlq.expired.q: retrieved 0 messages
2025/08/16 17:32:05 📋 [DLQ] Queue game.dlq.failed.q: attempting to peek up to 1000 messages
2025/08/16 17:32:05 📋 [DLQ] Queue game.dlq.failed.q: retrieved 0 messages
2025/08/16 17:32:05 📋 [DLQ] Queue game.dlq.retry.q: attempting to peek up to 1000 messages
2025/08/16 17:32:05 📋 [DLQ] Queue game.dlq.retry.q: retrieved 0 messages
2025/08/16 17:32:05 📋 [DLQ] Queue game.dlq.unroutable.q: attempting to peek up to 1000 messages
2025/08/16 17:32:05 📋 [DLQ] Queue game.dlq.unroutable.q: retrieved 2 messages
2025/08/16 17:32:05 🔍 [DLQ Categorize] Queue: game.dlq.unroutable.q
2025/08/16 17:32:05 🔍 [DLQ Categorize] Queue: game.dlq.unroutable.q
[GIN] 2025/08/16 - 17:32:05 | 200 |   11.571375ms |             ::1 | GET      "/api/dlq/list"
[GIN] 2025/08/16 - 17:32:06 | 200 |     240.875µs |             ::1 | GET      "/api/workers/status"
[GIN] 2025/08/16 - 17:32:06 | 200 |      174.75µs |             ::1 | GET      "/api/workers/status"
2025/08/16 17:32:06 📋 [DLQ] Queue game.dlq.expired.q: attempting to peek up to 1000 messages
[GIN] 2025/08/16 - 17:32:06 | 200 |     3.11325ms |             ::1 | GET      "/api/pending/list"
[GIN] 2025/08/16 - 17:32:06 | 200 |    3.308334ms |             ::1 | GET      "/api/rabbitmq/queues"
2025/08/16 17:32:06 📋 [DLQ] Queue game.dlq.expired.q: retrieved 0 messages
2025/08/16 17:32:06 📋 [DLQ] Queue game.dlq.failed.q: attempting to peek up to 1000 messages
2025/08/16 17:32:06 📋 [DLQ] Queue game.dlq.failed.q: retrieved 0 messages
2025/08/16 17:32:06 📋 [DLQ] Queue game.dlq.retry.q: attempting to peek up to 1000 messages
2025/08/16 17:32:06 📋 [DLQ] Queue game.dlq.retry.q: retrieved 0 messages
2025/08/16 17:32:06 📋 [DLQ] Queue game.dlq.unroutable.q: attempting to peek up to 1000 messages
2025/08/16 17:32:06 📋 [DLQ] Queue game.dlq.unroutable.q: retrieved 2 messages
2025/08/16 17:32:06 🔍 [DLQ Categorize] Queue: game.dlq.unroutable.q
2025/08/16 17:32:06 🔍 [DLQ Categorize] Queue: game.dlq.unroutable.q
[GIN] 2025/08/16 - 17:32:06 | 200 |   11.220708ms |             ::1 | GET      "/api/dlq/list"
2025/08/16 17:32:06 📋 [DLQ] Queue game.dlq.expired.q: attempting to peek up to 1000 messages
2025/08/16 17:32:06 📊 [RabbitMQ-Go] Derived metrics: 5 queues, 2 total pending, 0 consumers
[GIN] 2025/08/16 - 17:32:06 | 200 |    1.937375ms |             ::1 | GET      "/api/rabbitmq/metrics"
2025/08/16 17:32:06 📋 [DLQ] Queue game.dlq.expired.q: retrieved 0 messages
2025/08/16 17:32:06 📋 [DLQ] Queue game.dlq.failed.q: attempting to peek up to 1000 messages
2025/08/16 17:32:06 📋 [DLQ] Queue game.dlq.failed.q: retrieved 0 messages
2025/08/16 17:32:06 📋 [DLQ] Queue game.dlq.retry.q: attempting to peek up to 1000 messages
2025/08/16 17:32:06 📋 [DLQ] Queue game.dlq.retry.q: retrieved 0 messages
2025/08/16 17:32:06 📋 [DLQ] Queue game.dlq.unroutable.q: attempting to peek up to 1000 messages
2025/08/16 17:32:06 📋 [DLQ] Queue game.dlq.unroutable.q: retrieved 2 messages
2025/08/16 17:32:06 🔍 [DLQ Categorize] Queue: game.dlq.unroutable.q
2025/08/16 17:32:06 🔍 [DLQ Categorize] Queue: game.dlq.unroutable.q
[GIN] 2025/08/16 - 17:32:06 | 200 |    9.020834ms |             ::1 | GET      "/api/dlq/list"
[GIN] 2025/08/16 - 17:32:06 | 200 |     264.834µs |             ::1 | GET      "/api/workers/status"
[GIN] 2025/08/16 - 17:32:06 | 200 |     148.667µs |             ::1 | GET      "/api/workers/status"
2025/08/16 17:32:06 📋 [DLQ] Queue game.dlq.expired.q: attempting to peek up to 1000 messages
[GIN] 2025/08/16 - 17:32:06 | 200 |    2.266333ms |             ::1 | GET      "/api/pending/list"
[GIN] 2025/08/16 - 17:32:06 | 200 |    4.137125ms |             ::1 | GET      "/api/rabbitmq/queues"
2025/08/16 17:32:06 📋 [DLQ] Queue game.dlq.expired.q: retrieved 0 messages
2025/08/16 17:32:06 📋 [DLQ] Queue game.dlq.failed.q: attempting to peek up to 1000 messages
2025/08/16 17:32:06 📋 [DLQ] Queue game.dlq.failed.q: retrieved 0 messages
2025/08/16 17:32:06 📋 [DLQ] Queue game.dlq.retry.q: attempting to peek up to 1000 messages
2025/08/16 17:32:06 📋 [DLQ] Queue game.dlq.retry.q: retrieved 0 messages
2025/08/16 17:32:06 📋 [DLQ] Queue game.dlq.unroutable.q: attempting to peek up to 1000 messages
2025/08/16 17:32:06 📋 [DLQ] Queue game.dlq.unroutable.q: retrieved 2 messages
2025/08/16 17:32:06 🔍 [DLQ Categorize] Queue: game.dlq.unroutable.q
2025/08/16 17:32:06 🔍 [DLQ Categorize] Queue: game.dlq.unroutable.q
[GIN] 2025/08/16 - 17:32:06 | 200 |   11.282334ms |             ::1 | GET      "/api/dlq/list"
2025/08/16 17:32:06 📋 [DLQ] Queue game.dlq.expired.q: attempting to peek up to 1000 messages
2025/08/16 17:32:06 📊 [RabbitMQ-Go] Derived metrics: 5 queues, 2 total pending, 0 consumers
[GIN] 2025/08/16 - 17:32:06 | 200 |    2.180042ms |             ::1 | GET      "/api/rabbitmq/metrics"
2025/08/16 17:32:06 📋 [DLQ] Queue game.dlq.expired.q: retrieved 0 messages
2025/08/16 17:32:06 📋 [DLQ] Queue game.dlq.failed.q: attempting to peek up to 1000 messages
2025/08/16 17:32:06 📋 [DLQ] Queue game.dlq.failed.q: retrieved 0 messages
2025/08/16 17:32:06 📋 [DLQ] Queue game.dlq.retry.q: attempting to peek up to 1000 messages
2025/08/16 17:32:06 📋 [DLQ] Queue game.dlq.retry.q: retrieved 0 messages
2025/08/16 17:32:06 📋 [DLQ] Queue game.dlq.unroutable.q: attempting to peek up to 1000 messages
2025/08/16 17:32:06 📋 [DLQ] Queue game.dlq.unroutable.q: retrieved 2 messages
2025/08/16 17:32:06 🔍 [DLQ Categorize] Queue: game.dlq.unroutable.q
2025/08/16 17:32:06 🔍 [DLQ Categorize] Queue: game.dlq.unroutable.q
[GIN] 2025/08/16 - 17:32:06 | 200 |    9.931041ms |             ::1 | GET      "/api/dlq/list"
[GIN] 2025/08/16 - 17:32:07 | 200 |     388.292µs |             ::1 | GET      "/api/workers/status"
[GIN] 2025/08/16 - 17:32:07 | 200 |     224.084µs |             ::1 | GET      "/api/workers/status"
[GIN] 2025/08/16 - 17:32:07 | 200 |    3.771667ms |             ::1 | GET      "/api/rabbitmq/queues"
2025/08/16 17:32:07 📋 [DLQ] Queue game.dlq.expired.q: attempting to peek up to 1000 messages
[GIN] 2025/08/16 - 17:32:07 | 200 |    5.568166ms |             ::1 | GET      "/api/pending/list"
2025/08/16 17:32:07 📋 [DLQ] Queue game.dlq.expired.q: retrieved 0 messages
2025/08/16 17:32:07 📋 [DLQ] Queue game.dlq.failed.q: attempting to peek up to 1000 messages
2025/08/16 17:32:07 📋 [DLQ] Queue game.dlq.failed.q: retrieved 0 messages
2025/08/16 17:32:07 📋 [DLQ] Queue game.dlq.retry.q: attempting to peek up to 1000 messages
2025/08/16 17:32:07 📋 [DLQ] Queue game.dlq.retry.q: retrieved 0 messages
2025/08/16 17:32:07 📋 [DLQ] Queue game.dlq.unroutable.q: attempting to peek up to 1000 messages
2025/08/16 17:32:07 📋 [DLQ] Queue game.dlq.unroutable.q: retrieved 2 messages
2025/08/16 17:32:07 🔍 [DLQ Categorize] Queue: game.dlq.unroutable.q
2025/08/16 17:32:07 🔍 [DLQ Categorize] Queue: game.dlq.unroutable.q
[GIN] 2025/08/16 - 17:32:07 | 200 |   14.970417ms |             ::1 | GET      "/api/dlq/list"
2025/08/16 17:32:07 📋 [DLQ] Queue game.dlq.expired.q: attempting to peek up to 1000 messages
2025/08/16 17:32:07 📊 [RabbitMQ-Go] Derived metrics: 5 queues, 2 total pending, 0 consumers
[GIN] 2025/08/16 - 17:32:07 | 200 |    2.217833ms |             ::1 | GET      "/api/rabbitmq/metrics"
2025/08/16 17:32:07 📋 [DLQ] Queue game.dlq.expired.q: retrieved 0 messages
2025/08/16 17:32:07 📋 [DLQ] Queue game.dlq.failed.q: attempting to peek up to 1000 messages
2025/08/16 17:32:07 📋 [DLQ] Queue game.dlq.failed.q: retrieved 0 messages
2025/08/16 17:32:07 📋 [DLQ] Queue game.dlq.retry.q: attempting to peek up to 1000 messages
2025/08/16 17:32:07 📋 [DLQ] Queue game.dlq.retry.q: retrieved 0 messages
2025/08/16 17:32:07 📋 [DLQ] Queue game.dlq.unroutable.q: attempting to peek up to 1000 messages
2025/08/16 17:32:07 📋 [DLQ] Queue game.dlq.unroutable.q: retrieved 2 messages
2025/08/16 17:32:07 🔍 [DLQ Categorize] Queue: game.dlq.unroutable.q
2025/08/16 17:32:07 🔍 [DLQ Categorize] Queue: game.dlq.unroutable.q
[GIN] 2025/08/16 - 17:32:07 | 200 |      10.053ms |             ::1 | GET      "/api/dlq/list"
2025/08/16 17:32:07 📊 [RabbitMQ-Go] Derived metrics: 5 queues, 2 total pending, 0 consumers
[GIN] 2025/08/16 - 17:32:07 | 200 |     523.791µs |             ::1 | GET      "/api/workers/status"
[GIN] 2025/08/16 - 17:32:07 | 200 |     325.041µs |             ::1 | GET      "/api/workers/status"
2025/08/16 17:32:07 📋 [DLQ] Queue game.dlq.expired.q: attempting to peek up to 1000 messages
[GIN] 2025/08/16 - 17:32:07 | 200 |    5.218333ms |             ::1 | GET      "/api/pending/list"
[GIN] 2025/08/16 - 17:32:07 | 200 |    5.763709ms |             ::1 | GET      "/api/rabbitmq/queues"
2025/08/16 17:32:07 📋 [DLQ] Queue game.dlq.expired.q: retrieved 0 messages
2025/08/16 17:32:07 📋 [DLQ] Queue game.dlq.failed.q: attempting to peek up to 1000 messages
2025/08/16 17:32:07 📋 [DLQ] Queue game.dlq.failed.q: retrieved 0 messages
2025/08/16 17:32:07 📋 [DLQ] Queue game.dlq.retry.q: attempting to peek up to 1000 messages
2025/08/16 17:32:07 📋 [DLQ] Queue game.dlq.retry.q: retrieved 0 messages
2025/08/16 17:32:07 📋 [DLQ] Queue game.dlq.unroutable.q: attempting to peek up to 1000 messages
2025/08/16 17:32:07 📋 [DLQ] Queue game.dlq.unroutable.q: retrieved 2 messages
2025/08/16 17:32:07 🔍 [DLQ Categorize] Queue: game.dlq.unroutable.q
2025/08/16 17:32:07 🔍 [DLQ Categorize] Queue: game.dlq.unroutable.q
[GIN] 2025/08/16 - 17:32:07 | 200 |   17.236041ms |             ::1 | GET      "/api/dlq/list"
2025/08/16 17:32:07 📋 [DLQ] Queue game.dlq.expired.q: attempting to peek up to 1000 messages
2025/08/16 17:32:07 📋 [DLQ] Queue game.dlq.expired.q: retrieved 0 messages
2025/08/16 17:32:07 📋 [DLQ] Queue game.dlq.failed.q: attempting to peek up to 1000 messages
2025/08/16 17:32:07 📊 [RabbitMQ-Go] Derived metrics: 5 queues, 2 total pending, 0 consumers
[GIN] 2025/08/16 - 17:32:07 | 200 |    2.814875ms |             ::1 | GET      "/api/rabbitmq/metrics"
2025/08/16 17:32:07 📋 [DLQ] Queue game.dlq.failed.q: retrieved 0 messages
2025/08/16 17:32:07 📋 [DLQ] Queue game.dlq.retry.q: attempting to peek up to 1000 messages
2025/08/16 17:32:07 📋 [DLQ] Queue game.dlq.retry.q: retrieved 0 messages
2025/08/16 17:32:07 📋 [DLQ] Queue game.dlq.unroutable.q: attempting to peek up to 1000 messages
2025/08/16 17:32:07 📋 [DLQ] Queue game.dlq.unroutable.q: retrieved 2 messages
2025/08/16 17:32:07 🔍 [DLQ Categorize] Queue: game.dlq.unroutable.q
2025/08/16 17:32:07 🔍 [DLQ Categorize] Queue: game.dlq.unroutable.q
[GIN] 2025/08/16 - 17:32:07 | 200 |   11.605791ms |             ::1 | GET      "/api/dlq/list"
[GIN] 2025/08/16 - 17:32:08 | 200 |     317.458µs |             ::1 | GET      "/api/workers/status"
[GIN] 2025/08/16 - 17:32:08 | 200 |      210.25µs |             ::1 | GET      "/api/workers/status"
[GIN] 2025/08/16 - 17:32:08 | 200 |    3.643708ms |             ::1 | GET      "/api/pending/list"
2025/08/16 17:32:08 📋 [DLQ] Queue game.dlq.expired.q: attempting to peek up to 1000 messages
[GIN] 2025/08/16 - 17:32:08 | 200 |    3.995167ms |             ::1 | GET      "/api/rabbitmq/queues"
2025/08/16 17:32:08 📋 [DLQ] Queue game.dlq.expired.q: retrieved 0 messages
2025/08/16 17:32:08 📋 [DLQ] Queue game.dlq.failed.q: attempting to peek up to 1000 messages
2025/08/16 17:32:08 📋 [DLQ] Queue game.dlq.failed.q: retrieved 0 messages
2025/08/16 17:32:08 📋 [DLQ] Queue game.dlq.retry.q: attempting to peek up to 1000 messages
2025/08/16 17:32:08 📋 [DLQ] Queue game.dlq.retry.q: retrieved 0 messages
2025/08/16 17:32:08 📋 [DLQ] Queue game.dlq.unroutable.q: attempting to peek up to 1000 messages
2025/08/16 17:32:08 📋 [DLQ] Queue game.dlq.unroutable.q: retrieved 2 messages
2025/08/16 17:32:08 🔍 [DLQ Categorize] Queue: game.dlq.unroutable.q
2025/08/16 17:32:08 🔍 [DLQ Categorize] Queue: game.dlq.unroutable.q
[GIN] 2025/08/16 - 17:32:08 | 200 |     15.4395ms |             ::1 | GET      "/api/dlq/list"
2025/08/16 17:32:08 📋 [DLQ] Queue game.dlq.expired.q: attempting to peek up to 1000 messages
2025/08/16 17:32:08 📊 [RabbitMQ-Go] Derived metrics: 5 queues, 2 total pending, 0 consumers
[GIN] 2025/08/16 - 17:32:08 | 200 |    1.834875ms |             ::1 | GET      "/api/rabbitmq/metrics"
2025/08/16 17:32:08 📋 [DLQ] Queue game.dlq.expired.q: retrieved 0 messages
2025/08/16 17:32:08 📋 [DLQ] Queue game.dlq.failed.q: attempting to peek up to 1000 messages
2025/08/16 17:32:08 📋 [DLQ] Queue game.dlq.failed.q: retrieved 0 messages
2025/08/16 17:32:08 📋 [DLQ] Queue game.dlq.retry.q: attempting to peek up to 1000 messages
2025/08/16 17:32:08 📋 [DLQ] Queue game.dlq.retry.q: retrieved 0 messages
2025/08/16 17:32:08 📋 [DLQ] Queue game.dlq.unroutable.q: attempting to peek up to 1000 messages
2025/08/16 17:32:08 📋 [DLQ] Queue game.dlq.unroutable.q: retrieved 2 messages
2025/08/16 17:32:08 🔍 [DLQ Categorize] Queue: game.dlq.unroutable.q
2025/08/16 17:32:08 🔍 [DLQ Categorize] Queue: game.dlq.unroutable.q
[GIN] 2025/08/16 - 17:32:08 | 200 |   10.317042ms |             ::1 | GET      "/api/dlq/list"
[GIN] 2025/08/16 - 17:32:08 | 200 |     436.334µs |             ::1 | GET      "/api/workers/status"
[GIN] 2025/08/16 - 17:32:08 | 200 |     190.917µs |             ::1 | GET      "/api/workers/status"
[GIN] 2025/08/16 - 17:32:08 | 200 |    3.173958ms |             ::1 | GET      "/api/pending/list"
2025/08/16 17:32:08 📋 [DLQ] Queue game.dlq.expired.q: attempting to peek up to 1000 messages
[GIN] 2025/08/16 - 17:32:08 | 200 |    5.324959ms |             ::1 | GET      "/api/rabbitmq/queues"
2025/08/16 17:32:08 📋 [DLQ] Queue game.dlq.expired.q: retrieved 0 messages
2025/08/16 17:32:08 📋 [DLQ] Queue game.dlq.failed.q: attempting to peek up to 1000 messages
2025/08/16 17:32:08 📋 [DLQ] Queue game.dlq.failed.q: retrieved 0 messages
2025/08/16 17:32:08 📋 [DLQ] Queue game.dlq.retry.q: attempting to peek up to 1000 messages
2025/08/16 17:32:08 📋 [DLQ] Queue game.dlq.retry.q: retrieved 0 messages
2025/08/16 17:32:08 📋 [DLQ] Queue game.dlq.unroutable.q: attempting to peek up to 1000 messages
2025/08/16 17:32:08 📋 [DLQ] Queue game.dlq.unroutable.q: retrieved 2 messages
2025/08/16 17:32:08 🔍 [DLQ Categorize] Queue: game.dlq.unroutable.q
2025/08/16 17:32:08 🔍 [DLQ Categorize] Queue: game.dlq.unroutable.q
[GIN] 2025/08/16 - 17:32:08 | 200 |   15.581292ms |             ::1 | GET      "/api/dlq/list"
2025/08/16 17:32:08 📋 [DLQ] Queue game.dlq.expired.q: attempting to peek up to 1000 messages
2025/08/16 17:32:08 📊 [RabbitMQ-Go] Derived metrics: 5 queues, 2 total pending, 0 consumers
[GIN] 2025/08/16 - 17:32:08 | 200 |    2.364958ms |             ::1 | GET      "/api/rabbitmq/metrics"
2025/08/16 17:32:08 📋 [DLQ] Queue game.dlq.expired.q: retrieved 0 messages
2025/08/16 17:32:08 📋 [DLQ] Queue game.dlq.failed.q: attempting to peek up to 1000 messages
2025/08/16 17:32:08 📋 [DLQ] Queue game.dlq.failed.q: retrieved 0 messages
2025/08/16 17:32:08 📋 [DLQ] Queue game.dlq.retry.q: attempting to peek up to 1000 messages
2025/08/16 17:32:08 📋 [DLQ] Queue game.dlq.retry.q: retrieved 0 messages
2025/08/16 17:32:08 📋 [DLQ] Queue game.dlq.unroutable.q: attempting to peek up to 1000 messages
2025/08/16 17:32:08 📋 [DLQ] Queue game.dlq.unroutable.q: retrieved 2 messages
2025/08/16 17:32:08 🔍 [DLQ Categorize] Queue: game.dlq.unroutable.q
2025/08/16 17:32:08 🔍 [DLQ Categorize] Queue: game.dlq.unroutable.q
[GIN] 2025/08/16 - 17:32:08 | 200 |   10.931583ms |             ::1 | GET      "/api/dlq/list"
[GIN] 2025/08/16 - 17:32:09 | 200 |     568.875µs |             ::1 | GET      "/api/workers/status"
[GIN] 2025/08/16 - 17:32:09 | 200 |     220.291µs |             ::1 | GET      "/api/workers/status"
2025/08/16 17:32:09 📋 [DLQ] Queue game.dlq.expired.q: attempting to peek up to 1000 messages
[GIN] 2025/08/16 - 17:32:09 | 200 |    4.105208ms |             ::1 | GET      "/api/rabbitmq/queues"
[GIN] 2025/08/16 - 17:32:09 | 200 |    5.853667ms |             ::1 | GET      "/api/pending/list"
2025/08/16 17:32:09 📋 [DLQ] Queue game.dlq.expired.q: retrieved 0 messages
2025/08/16 17:32:09 📋 [DLQ] Queue game.dlq.failed.q: attempting to peek up to 1000 messages
2025/08/16 17:32:09 📋 [DLQ] Queue game.dlq.failed.q: retrieved 0 messages
2025/08/16 17:32:09 📋 [DLQ] Queue game.dlq.retry.q: attempting to peek up to 1000 messages
2025/08/16 17:32:09 📋 [DLQ] Queue game.dlq.retry.q: retrieved 0 messages
2025/08/16 17:32:09 📋 [DLQ] Queue game.dlq.unroutable.q: attempting to peek up to 1000 messages
2025/08/16 17:32:09 📋 [DLQ] Queue game.dlq.unroutable.q: retrieved 2 messages
2025/08/16 17:32:09 🔍 [DLQ Categorize] Queue: game.dlq.unroutable.q
2025/08/16 17:32:09 🔍 [DLQ Categorize] Queue: game.dlq.unroutable.q
[GIN] 2025/08/16 - 17:32:09 | 200 |   17.737833ms |             ::1 | GET      "/api/dlq/list"
2025/08/16 17:32:09 📋 [DLQ] Queue game.dlq.expired.q: attempting to peek up to 1000 messages
2025/08/16 17:32:09 📊 [RabbitMQ-Go] Derived metrics: 5 queues, 2 total pending, 0 consumers
[GIN] 2025/08/16 - 17:32:09 | 200 |    3.002625ms |             ::1 | GET      "/api/rabbitmq/metrics"
2025/08/16 17:32:09 📋 [DLQ] Queue game.dlq.expired.q: retrieved 0 messages
2025/08/16 17:32:09 📋 [DLQ] Queue game.dlq.failed.q: attempting to peek up to 1000 messages
2025/08/16 17:32:09 📋 [DLQ] Queue game.dlq.failed.q: retrieved 0 messages
2025/08/16 17:32:09 📋 [DLQ] Queue game.dlq.retry.q: attempting to peek up to 1000 messages
2025/08/16 17:32:09 📋 [DLQ] Queue game.dlq.retry.q: retrieved 0 messages
2025/08/16 17:32:09 📋 [DLQ] Queue game.dlq.unroutable.q: attempting to peek up to 1000 messages
2025/08/16 17:32:09 📋 [DLQ] Queue game.dlq.unroutable.q: retrieved 2 messages
2025/08/16 17:32:09 🔍 [DLQ Categorize] Queue: game.dlq.unroutable.q
2025/08/16 17:32:09 🔍 [DLQ Categorize] Queue: game.dlq.unroutable.q
[GIN] 2025/08/16 - 17:32:09 | 200 |   13.194584ms |             ::1 | GET      "/api/dlq/list"
2025/08/16 17:32:09 📊 [RabbitMQ-Go] Derived metrics: 5 queues, 2 total pending, 0 consumers
[GIN] 2025/08/16 - 17:32:09 | 200 |     824.917µs |             ::1 | GET      "/api/workers/status"
[GIN] 2025/08/16 - 17:32:09 | 200 |     660.667µs |             ::1 | GET      "/api/workers/status"
2025/08/16 17:32:09 📋 [DLQ] Queue game.dlq.expired.q: attempting to peek up to 1000 messages
[GIN] 2025/08/16 - 17:32:09 | 200 |    3.736917ms |             ::1 | GET      "/api/rabbitmq/queues"
[GIN] 2025/08/16 - 17:32:09 | 200 |    3.999333ms |             ::1 | GET      "/api/pending/list"
2025/08/16 17:32:09 📋 [DLQ] Queue game.dlq.expired.q: retrieved 0 messages
2025/08/16 17:32:09 📋 [DLQ] Queue game.dlq.failed.q: attempting to peek up to 1000 messages
2025/08/16 17:32:09 📋 [DLQ] Queue game.dlq.failed.q: retrieved 0 messages
2025/08/16 17:32:09 📋 [DLQ] Queue game.dlq.retry.q: attempting to peek up to 1000 messages
2025/08/16 17:32:09 📋 [DLQ] Queue game.dlq.retry.q: retrieved 0 messages
2025/08/16 17:32:09 📋 [DLQ] Queue game.dlq.unroutable.q: attempting to peek up to 1000 messages
2025/08/16 17:32:09 📋 [DLQ] Queue game.dlq.unroutable.q: retrieved 2 messages
2025/08/16 17:32:09 🔍 [DLQ Categorize] Queue: game.dlq.unroutable.q
2025/08/16 17:32:09 🔍 [DLQ Categorize] Queue: game.dlq.unroutable.q
[GIN] 2025/08/16 - 17:32:09 | 200 |   13.988625ms |             ::1 | GET      "/api/dlq/list"
2025/08/16 17:32:09 📋 [DLQ] Queue game.dlq.expired.q: attempting to peek up to 1000 messages
2025/08/16 17:32:09 📊 [RabbitMQ-Go] Derived metrics: 5 queues, 2 total pending, 0 consumers
[GIN] 2025/08/16 - 17:32:09 | 200 |    4.522083ms |             ::1 | GET      "/api/rabbitmq/metrics"
2025/08/16 17:32:09 📋 [DLQ] Queue game.dlq.expired.q: retrieved 0 messages
2025/08/16 17:32:09 📋 [DLQ] Queue game.dlq.failed.q: attempting to peek up to 1000 messages
2025/08/16 17:32:09 📋 [DLQ] Queue game.dlq.failed.q: retrieved 0 messages
2025/08/16 17:32:09 📋 [DLQ] Queue game.dlq.retry.q: attempting to peek up to 1000 messages
2025/08/16 17:32:09 📋 [DLQ] Queue game.dlq.retry.q: retrieved 0 messages
2025/08/16 17:32:09 📋 [DLQ] Queue game.dlq.unroutable.q: attempting to peek up to 1000 messages
2025/08/16 17:32:09 📋 [DLQ] Queue game.dlq.unroutable.q: retrieved 2 messages
2025/08/16 17:32:09 🔍 [DLQ Categorize] Queue: game.dlq.unroutable.q
2025/08/16 17:32:09 🔍 [DLQ Categorize] Queue: game.dlq.unroutable.q
[GIN] 2025/08/16 - 17:32:09 | 200 |    14.78625ms |             ::1 | GET      "/api/dlq/list"
[GIN] 2025/08/16 - 17:32:10 | 200 |     489.667µs |             ::1 | GET      "/api/workers/status"
[GIN] 2025/08/16 - 17:32:10 | 200 |     301.958µs |             ::1 | GET      "/api/workers/status"
2025/08/16 17:32:10 📋 [DLQ] Queue game.dlq.expired.q: attempting to peek up to 1000 messages
[GIN] 2025/08/16 - 17:32:10 | 200 |    4.724458ms |             ::1 | GET      "/api/rabbitmq/queues"
[GIN] 2025/08/16 - 17:32:10 | 200 |    5.167208ms |             ::1 | GET      "/api/pending/list"
2025/08/16 17:32:10 📋 [DLQ] Queue game.dlq.expired.q: retrieved 0 messages
2025/08/16 17:32:10 📋 [DLQ] Queue game.dlq.failed.q: attempting to peek up to 1000 messages
2025/08/16 17:32:10 📋 [DLQ] Queue game.dlq.failed.q: retrieved 0 messages
2025/08/16 17:32:10 📋 [DLQ] Queue game.dlq.retry.q: attempting to peek up to 1000 messages
2025/08/16 17:32:10 📋 [DLQ] Queue game.dlq.retry.q: retrieved 0 messages
2025/08/16 17:32:10 📋 [DLQ] Queue game.dlq.unroutable.q: attempting to peek up to 1000 messages
2025/08/16 17:32:10 📋 [DLQ] Queue game.dlq.unroutable.q: retrieved 2 messages
2025/08/16 17:32:10 🔍 [DLQ Categorize] Queue: game.dlq.unroutable.q
2025/08/16 17:32:10 🔍 [DLQ Categorize] Queue: game.dlq.unroutable.q
[GIN] 2025/08/16 - 17:32:10 | 200 |   18.892208ms |             ::1 | GET      "/api/dlq/list"
2025/08/16 17:32:10 📋 [DLQ] Queue game.dlq.expired.q: attempting to peek up to 1000 messages
2025/08/16 17:32:10 📋 [DLQ] Queue game.dlq.expired.q: retrieved 0 messages
2025/08/16 17:32:10 📋 [DLQ] Queue game.dlq.failed.q: attempting to peek up to 1000 messages
2025/08/16 17:32:10 📊 [RabbitMQ-Go] Derived metrics: 5 queues, 2 total pending, 0 consumers
[GIN] 2025/08/16 - 17:32:10 | 200 |    3.387375ms |             ::1 | GET      "/api/rabbitmq/metrics"
2025/08/16 17:32:10 📋 [DLQ] Queue game.dlq.failed.q: retrieved 0 messages
2025/08/16 17:32:10 📋 [DLQ] Queue game.dlq.retry.q: attempting to peek up to 1000 messages
2025/08/16 17:32:10 📋 [DLQ] Queue game.dlq.retry.q: retrieved 0 messages
2025/08/16 17:32:10 📋 [DLQ] Queue game.dlq.unroutable.q: attempting to peek up to 1000 messages
2025/08/16 17:32:10 📋 [DLQ] Queue game.dlq.unroutable.q: retrieved 2 messages
2025/08/16 17:32:10 🔍 [DLQ Categorize] Queue: game.dlq.unroutable.q
2025/08/16 17:32:10 🔍 [DLQ Categorize] Queue: game.dlq.unroutable.q
[GIN] 2025/08/16 - 17:32:10 | 200 |   14.011791ms |             ::1 | GET      "/api/dlq/list"
[GIN] 2025/08/16 - 17:32:10 | 200 |       286.5µs |             ::1 | GET      "/api/workers/status"
[GIN] 2025/08/16 - 17:32:10 | 200 |      186.75µs |             ::1 | GET      "/api/workers/status"
2025/08/16 17:32:10 📋 [DLQ] Queue game.dlq.expired.q: attempting to peek up to 1000 messages
[GIN] 2025/08/16 - 17:32:10 | 200 |    2.480917ms |             ::1 | GET      "/api/pending/list"
[GIN] 2025/08/16 - 17:32:10 | 200 |    4.543583ms |             ::1 | GET      "/api/rabbitmq/queues"
2025/08/16 17:32:10 📋 [DLQ] Queue game.dlq.expired.q: retrieved 0 messages
2025/08/16 17:32:10 📋 [DLQ] Queue game.dlq.failed.q: attempting to peek up to 1000 messages
2025/08/16 17:32:10 📋 [DLQ] Queue game.dlq.failed.q: retrieved 0 messages
2025/08/16 17:32:10 📋 [DLQ] Queue game.dlq.retry.q: attempting to peek up to 1000 messages
2025/08/16 17:32:10 📋 [DLQ] Queue game.dlq.retry.q: retrieved 0 messages
2025/08/16 17:32:10 📋 [DLQ] Queue game.dlq.unroutable.q: attempting to peek up to 1000 messages
2025/08/16 17:32:10 📋 [DLQ] Queue game.dlq.unroutable.q: retrieved 2 messages
2025/08/16 17:32:10 🔍 [DLQ Categorize] Queue: game.dlq.unroutable.q
2025/08/16 17:32:10 🔍 [DLQ Categorize] Queue: game.dlq.unroutable.q
[GIN] 2025/08/16 - 17:32:10 | 200 |   15.585583ms |             ::1 | GET      "/api/dlq/list"
2025/08/16 17:32:10 📋 [DLQ] Queue game.dlq.expired.q: attempting to peek up to 1000 messages
2025/08/16 17:32:10 📊 [RabbitMQ-Go] Derived metrics: 5 queues, 2 total pending, 0 consumers
[GIN] 2025/08/16 - 17:32:10 | 200 |    3.130875ms |             ::1 | GET      "/api/rabbitmq/metrics"
2025/08/16 17:32:10 📋 [DLQ] Queue game.dlq.expired.q: retrieved 0 messages
2025/08/16 17:32:10 📋 [DLQ] Queue game.dlq.failed.q: attempting to peek up to 1000 messages
2025/08/16 17:32:10 📋 [DLQ] Queue game.dlq.failed.q: retrieved 0 messages
2025/08/16 17:32:10 📋 [DLQ] Queue game.dlq.retry.q: attempting to peek up to 1000 messages
2025/08/16 17:32:10 📋 [DLQ] Queue game.dlq.retry.q: retrieved 0 messages
2025/08/16 17:32:10 📋 [DLQ] Queue game.dlq.unroutable.q: attempting to peek up to 1000 messages
2025/08/16 17:32:10 📋 [DLQ] Queue game.dlq.unroutable.q: retrieved 2 messages
2025/08/16 17:32:10 🔍 [DLQ Categorize] Queue: game.dlq.unroutable.q
2025/08/16 17:32:10 🔍 [DLQ Categorize] Queue: game.dlq.unroutable.q
[GIN] 2025/08/16 - 17:32:10 | 200 |      11.646ms |             ::1 | GET      "/api/dlq/list"
[GIN] 2025/08/16 - 17:32:11 | 200 |     311.042µs |             ::1 | GET      "/api/workers/status"
[GIN] 2025/08/16 - 17:32:11 | 200 |     250.792µs |             ::1 | GET      "/api/workers/status"
[GIN] 2025/08/16 - 17:32:11 | 200 |    2.747709ms |             ::1 | GET      "/api/pending/list"
2025/08/16 17:32:11 📋 [DLQ] Queue game.dlq.expired.q: attempting to peek up to 1000 messages
[GIN] 2025/08/16 - 17:32:11 | 200 |    5.614375ms |             ::1 | GET      "/api/rabbitmq/queues"
2025/08/16 17:32:11 📋 [DLQ] Queue game.dlq.expired.q: retrieved 0 messages
2025/08/16 17:32:11 📋 [DLQ] Queue game.dlq.failed.q: attempting to peek up to 1000 messages
2025/08/16 17:32:11 📋 [DLQ] Queue game.dlq.failed.q: retrieved 0 messages
2025/08/16 17:32:11 📋 [DLQ] Queue game.dlq.retry.q: attempting to peek up to 1000 messages
2025/08/16 17:32:11 📋 [DLQ] Queue game.dlq.retry.q: retrieved 0 messages
2025/08/16 17:32:11 📋 [DLQ] Queue game.dlq.unroutable.q: attempting to peek up to 1000 messages
2025/08/16 17:32:11 📋 [DLQ] Queue game.dlq.unroutable.q: retrieved 2 messages
2025/08/16 17:32:11 🔍 [DLQ Categorize] Queue: game.dlq.unroutable.q
2025/08/16 17:32:11 🔍 [DLQ Categorize] Queue: game.dlq.unroutable.q
[GIN] 2025/08/16 - 17:32:11 | 200 |   17.640833ms |             ::1 | GET      "/api/dlq/list"
2025/08/16 17:32:11 📋 [DLQ] Queue game.dlq.expired.q: attempting to peek up to 1000 messages
2025/08/16 17:32:11 📊 [RabbitMQ-Go] Derived metrics: 5 queues, 2 total pending, 0 consumers
[GIN] 2025/08/16 - 17:32:11 | 200 |    2.848167ms |             ::1 | GET      "/api/rabbitmq/metrics"
2025/08/16 17:32:11 📋 [DLQ] Queue game.dlq.expired.q: retrieved 0 messages
2025/08/16 17:32:11 📋 [DLQ] Queue game.dlq.failed.q: attempting to peek up to 1000 messages
2025/08/16 17:32:11 📋 [DLQ] Queue game.dlq.failed.q: retrieved 0 messages
2025/08/16 17:32:11 📋 [DLQ] Queue game.dlq.retry.q: attempting to peek up to 1000 messages
2025/08/16 17:32:11 📋 [DLQ] Queue game.dlq.retry.q: retrieved 0 messages
2025/08/16 17:32:11 📋 [DLQ] Queue game.dlq.unroutable.q: attempting to peek up to 1000 messages
2025/08/16 17:32:11 📋 [DLQ] Queue game.dlq.unroutable.q: retrieved 2 messages
2025/08/16 17:32:11 🔍 [DLQ Categorize] Queue: game.dlq.unroutable.q
2025/08/16 17:32:11 🔍 [DLQ Categorize] Queue: game.dlq.unroutable.q
[GIN] 2025/08/16 - 17:32:11 | 200 |   12.072667ms |             ::1 | GET      "/api/dlq/list"
2025/08/16 17:32:11 📊 [RabbitMQ-Go] Derived metrics: 5 queues, 2 total pending, 0 consumers
[GIN] 2025/08/16 - 17:32:11 | 200 |      273.25µs |             ::1 | GET      "/api/workers/status"
[GIN] 2025/08/16 - 17:32:11 | 200 |     320.417µs |             ::1 | GET      "/api/workers/status"
[GIN] 2025/08/16 - 17:32:11 | 200 |       3.458ms |             ::1 | GET      "/api/pending/list"
2025/08/16 17:32:11 📋 [DLQ] Queue game.dlq.expired.q: attempting to peek up to 1000 messages
[GIN] 2025/08/16 - 17:32:11 | 200 |     4.54875ms |             ::1 | GET      "/api/rabbitmq/queues"
2025/08/16 17:32:11 📋 [DLQ] Queue game.dlq.expired.q: retrieved 0 messages
2025/08/16 17:32:11 📋 [DLQ] Queue game.dlq.failed.q: attempting to peek up to 1000 messages
2025/08/16 17:32:11 📋 [DLQ] Queue game.dlq.failed.q: retrieved 0 messages
2025/08/16 17:32:11 📋 [DLQ] Queue game.dlq.retry.q: attempting to peek up to 1000 messages
2025/08/16 17:32:11 📋 [DLQ] Queue game.dlq.retry.q: retrieved 0 messages
2025/08/16 17:32:11 📋 [DLQ] Queue game.dlq.unroutable.q: attempting to peek up to 1000 messages
2025/08/16 17:32:11 📋 [DLQ] Queue game.dlq.unroutable.q: retrieved 2 messages
2025/08/16 17:32:11 🔍 [DLQ Categorize] Queue: game.dlq.unroutable.q
2025/08/16 17:32:11 🔍 [DLQ Categorize] Queue: game.dlq.unroutable.q
[GIN] 2025/08/16 - 17:32:11 | 200 |   15.315833ms |             ::1 | GET      "/api/dlq/list"
2025/08/16 17:32:11 📋 [DLQ] Queue game.dlq.expired.q: attempting to peek up to 1000 messages
2025/08/16 17:32:11 📊 [RabbitMQ-Go] Derived metrics: 5 queues, 2 total pending, 0 consumers
[GIN] 2025/08/16 - 17:32:11 | 200 |    2.766041ms |             ::1 | GET      "/api/rabbitmq/metrics"
2025/08/16 17:32:11 📋 [DLQ] Queue game.dlq.expired.q: retrieved 0 messages
2025/08/16 17:32:11 📋 [DLQ] Queue game.dlq.failed.q: attempting to peek up to 1000 messages
2025/08/16 17:32:11 📋 [DLQ] Queue game.dlq.failed.q: retrieved 0 messages
2025/08/16 17:32:11 📋 [DLQ] Queue game.dlq.retry.q: attempting to peek up to 1000 messages
2025/08/16 17:32:11 📋 [DLQ] Queue game.dlq.retry.q: retrieved 0 messages
2025/08/16 17:32:11 📋 [DLQ] Queue game.dlq.unroutable.q: attempting to peek up to 1000 messages
2025/08/16 17:32:11 📋 [DLQ] Queue game.dlq.unroutable.q: retrieved 2 messages
2025/08/16 17:32:11 🔍 [DLQ Categorize] Queue: game.dlq.unroutable.q
2025/08/16 17:32:11 🔍 [DLQ Categorize] Queue: game.dlq.unroutable.q
[GIN] 2025/08/16 - 17:32:11 | 200 |   10.482334ms |             ::1 | GET      "/api/dlq/list"
[GIN] 2025/08/16 - 17:32:12 | 200 |      427.75µs |             ::1 | GET      "/api/workers/status"
[GIN] 2025/08/16 - 17:32:12 | 200 |       263.5µs |             ::1 | GET      "/api/workers/status"
2025/08/16 17:32:12 📋 [DLQ] Queue game.dlq.expired.q: attempting to peek up to 1000 messages
[GIN] 2025/08/16 - 17:32:12 | 200 |    4.243334ms |             ::1 | GET      "/api/rabbitmq/queues"
[GIN] 2025/08/16 - 17:32:12 | 200 |    4.185083ms |             ::1 | GET      "/api/pending/list"
2025/08/16 17:32:12 📋 [DLQ] Queue game.dlq.expired.q: retrieved 0 messages
2025/08/16 17:32:12 📋 [DLQ] Queue game.dlq.failed.q: attempting to peek up to 1000 messages
2025/08/16 17:32:12 📋 [DLQ] Queue game.dlq.failed.q: retrieved 0 messages
2025/08/16 17:32:12 📋 [DLQ] Queue game.dlq.retry.q: attempting to peek up to 1000 messages
2025/08/16 17:32:12 📋 [DLQ] Queue game.dlq.retry.q: retrieved 0 messages
2025/08/16 17:32:12 📋 [DLQ] Queue game.dlq.unroutable.q: attempting to peek up to 1000 messages
2025/08/16 17:32:12 📋 [DLQ] Queue game.dlq.unroutable.q: retrieved 2 messages
2025/08/16 17:32:12 🔍 [DLQ Categorize] Queue: game.dlq.unroutable.q
2025/08/16 17:32:12 🔍 [DLQ Categorize] Queue: game.dlq.unroutable.q
[GIN] 2025/08/16 - 17:32:12 | 200 |   15.500083ms |             ::1 | GET      "/api/dlq/list"
2025/08/16 17:32:12 📋 [DLQ] Queue game.dlq.expired.q: attempting to peek up to 1000 messages
2025/08/16 17:32:12 📊 [RabbitMQ-Go] Derived metrics: 5 queues, 2 total pending, 0 consumers
[GIN] 2025/08/16 - 17:32:12 | 200 |    2.277084ms |             ::1 | GET      "/api/rabbitmq/metrics"
2025/08/16 17:32:12 📋 [DLQ] Queue game.dlq.expired.q: retrieved 0 messages
2025/08/16 17:32:12 📋 [DLQ] Queue game.dlq.failed.q: attempting to peek up to 1000 messages
2025/08/16 17:32:12 📋 [DLQ] Queue game.dlq.failed.q: retrieved 0 messages
2025/08/16 17:32:12 📋 [DLQ] Queue game.dlq.retry.q: attempting to peek up to 1000 messages
2025/08/16 17:32:12 📋 [DLQ] Queue game.dlq.retry.q: retrieved 0 messages
2025/08/16 17:32:12 📋 [DLQ] Queue game.dlq.unroutable.q: attempting to peek up to 1000 messages
2025/08/16 17:32:12 📋 [DLQ] Queue game.dlq.unroutable.q: retrieved 2 messages
2025/08/16 17:32:12 🔍 [DLQ Categorize] Queue: game.dlq.unroutable.q
2025/08/16 17:32:12 🔍 [DLQ Categorize] Queue: game.dlq.unroutable.q
[GIN] 2025/08/16 - 17:32:12 | 200 |   10.051625ms |             ::1 | GET      "/api/dlq/list"
[GIN] 2025/08/16 - 17:32:12 | 200 |     198.041µs |             ::1 | GET      "/api/workers/status"
[GIN] 2025/08/16 - 17:32:12 | 200 |     115.291µs |             ::1 | GET      "/api/workers/status"
2025/08/16 17:32:12 📋 [DLQ] Queue game.dlq.expired.q: attempting to peek up to 1000 messages
[GIN] 2025/08/16 - 17:32:12 | 200 |    1.723875ms |             ::1 | GET      "/api/pending/list"
[GIN] 2025/08/16 - 17:32:12 | 200 |    3.153041ms |             ::1 | GET      "/api/rabbitmq/queues"
2025/08/16 17:32:12 📋 [DLQ] Queue game.dlq.expired.q: retrieved 0 messages
2025/08/16 17:32:12 📋 [DLQ] Queue game.dlq.failed.q: attempting to peek up to 1000 messages
2025/08/16 17:32:12 📋 [DLQ] Queue game.dlq.failed.q: retrieved 0 messages
2025/08/16 17:32:12 📋 [DLQ] Queue game.dlq.retry.q: attempting to peek up to 1000 messages
2025/08/16 17:32:12 📋 [DLQ] Queue game.dlq.retry.q: retrieved 0 messages
2025/08/16 17:32:12 📋 [DLQ] Queue game.dlq.unroutable.q: attempting to peek up to 1000 messages
2025/08/16 17:32:12 📋 [DLQ] Queue game.dlq.unroutable.q: retrieved 2 messages
2025/08/16 17:32:12 🔍 [DLQ Categorize] Queue: game.dlq.unroutable.q
2025/08/16 17:32:12 🔍 [DLQ Categorize] Queue: game.dlq.unroutable.q
[GIN] 2025/08/16 - 17:32:12 | 200 |    9.314875ms |             ::1 | GET      "/api/dlq/list"
2025/08/16 17:32:12 📋 [DLQ] Queue game.dlq.expired.q: attempting to peek up to 1000 messages
2025/08/16 17:32:12 📊 [RabbitMQ-Go] Derived metrics: 5 queues, 2 total pending, 0 consumers
[GIN] 2025/08/16 - 17:32:12 | 200 |    1.773584ms |             ::1 | GET      "/api/rabbitmq/metrics"
2025/08/16 17:32:12 📋 [DLQ] Queue game.dlq.expired.q: retrieved 0 messages
2025/08/16 17:32:12 📋 [DLQ] Queue game.dlq.failed.q: attempting to peek up to 1000 messages
2025/08/16 17:32:12 📋 [DLQ] Queue game.dlq.failed.q: retrieved 0 messages
2025/08/16 17:32:12 📋 [DLQ] Queue game.dlq.retry.q: attempting to peek up to 1000 messages
2025/08/16 17:32:12 📋 [DLQ] Queue game.dlq.retry.q: retrieved 0 messages
2025/08/16 17:32:12 📋 [DLQ] Queue game.dlq.unroutable.q: attempting to peek up to 1000 messages
2025/08/16 17:32:12 📋 [DLQ] Queue game.dlq.unroutable.q: retrieved 2 messages
2025/08/16 17:32:12 🔍 [DLQ Categorize] Queue: game.dlq.unroutable.q
2025/08/16 17:32:12 🔍 [DLQ Categorize] Queue: game.dlq.unroutable.q
[GIN] 2025/08/16 - 17:32:12 | 200 |    7.921208ms |             ::1 | GET      "/api/dlq/list"
2025/08/16 17:32:12 ⚠️  [WebSocket] Broadcast channel full, dropping message
[GIN] 2025/08/16 - 17:32:12 | 200 |   12.529375ms |             ::1 | POST     "/api/player/start"
[GIN] 2025/08/16 - 17:32:12 | 200 |          40µs |             ::1 | POST     "/api/go-workers/webhook/events"
[GIN] 2025/08/16 - 17:32:13 | 200 |     690.792µs |             ::1 | GET      "/api/workers/status"
[GIN] 2025/08/16 - 17:32:13 | 200 |     149.917µs |             ::1 | GET      "/api/workers/status"
[GIN] 2025/08/16 - 17:32:13 | 200 |    1.958583ms |             ::1 | GET      "/api/pending/list"
2025/08/16 17:32:13 📋 [DLQ] Queue game.dlq.expired.q: attempting to peek up to 1000 messages
[GIN] 2025/08/16 - 17:32:13 | 200 |    3.322291ms |             ::1 | GET      "/api/rabbitmq/queues"
2025/08/16 17:32:13 📋 [DLQ] Queue game.dlq.expired.q: retrieved 0 messages
2025/08/16 17:32:13 📋 [DLQ] Queue game.dlq.failed.q: attempting to peek up to 1000 messages
2025/08/16 17:32:13 📋 [DLQ] Queue game.dlq.failed.q: retrieved 0 messages
2025/08/16 17:32:13 📋 [DLQ] Queue game.dlq.retry.q: attempting to peek up to 1000 messages
2025/08/16 17:32:13 📋 [DLQ] Queue game.dlq.retry.q: retrieved 0 messages
2025/08/16 17:32:13 📋 [DLQ] Queue game.dlq.unroutable.q: attempting to peek up to 1000 messages
2025/08/16 17:32:13 📋 [DLQ] Queue game.dlq.unroutable.q: retrieved 2 messages
2025/08/16 17:32:13 🔍 [DLQ Categorize] Queue: game.dlq.unroutable.q
2025/08/16 17:32:13 🔍 [DLQ Categorize] Queue: game.dlq.unroutable.q
[GIN] 2025/08/16 - 17:32:13 | 200 |   10.229166ms |             ::1 | GET      "/api/dlq/list"
2025/08/16 17:32:13 📋 [DLQ] Queue game.dlq.expired.q: attempting to peek up to 1000 messages
2025/08/16 17:32:13 📊 [RabbitMQ-Go] Derived metrics: 6 queues, 2 total pending, 0 consumers
[GIN] 2025/08/16 - 17:32:13 | 200 |    1.707333ms |             ::1 | GET      "/api/rabbitmq/metrics"
2025/08/16 17:32:13 📋 [DLQ] Queue game.dlq.expired.q: retrieved 0 messages
2025/08/16 17:32:13 📋 [DLQ] Queue game.dlq.failed.q: attempting to peek up to 1000 messages
2025/08/16 17:32:13 📋 [DLQ] Queue game.dlq.failed.q: retrieved 0 messages
2025/08/16 17:32:13 📋 [DLQ] Queue game.dlq.retry.q: attempting to peek up to 1000 messages
2025/08/16 17:32:13 📋 [DLQ] Queue game.dlq.retry.q: retrieved 0 messages
2025/08/16 17:32:13 📋 [DLQ] Queue game.dlq.unroutable.q: attempting to peek up to 1000 messages
2025/08/16 17:32:13 📋 [DLQ] Queue game.dlq.unroutable.q: retrieved 2 messages
2025/08/16 17:32:13 🔍 [DLQ Categorize] Queue: game.dlq.unroutable.q
2025/08/16 17:32:13 🔍 [DLQ Categorize] Queue: game.dlq.unroutable.q
[GIN] 2025/08/16 - 17:32:13 | 200 |    8.080583ms |             ::1 | GET      "/api/dlq/list"
2025/08/16 17:32:13 📊 [RabbitMQ-Go] Derived metrics: 6 queues, 2 total pending, 0 consumers
[GIN] 2025/08/16 - 17:32:13 | 200 |     377.583µs |             ::1 | GET      "/api/workers/status"
[GIN] 2025/08/16 - 17:32:13 | 200 |     248.166µs |             ::1 | GET      "/api/workers/status"
[GIN] 2025/08/16 - 17:32:13 | 200 |    3.872291ms |             ::1 | GET      "/api/pending/list"
2025/08/16 17:32:13 📋 [DLQ] Queue game.dlq.expired.q: attempting to peek up to 1000 messages
[GIN] 2025/08/16 - 17:32:13 | 200 |    4.310958ms |             ::1 | GET      "/api/rabbitmq/queues"
2025/08/16 17:32:13 📋 [DLQ] Queue game.dlq.expired.q: retrieved 0 messages
2025/08/16 17:32:13 📋 [DLQ] Queue game.dlq.failed.q: attempting to peek up to 1000 messages
2025/08/16 17:32:13 📋 [DLQ] Queue game.dlq.failed.q: retrieved 0 messages
2025/08/16 17:32:13 📋 [DLQ] Queue game.dlq.retry.q: attempting to peek up to 1000 messages
2025/08/16 17:32:13 📋 [DLQ] Queue game.dlq.retry.q: retrieved 0 messages
2025/08/16 17:32:13 📋 [DLQ] Queue game.dlq.unroutable.q: attempting to peek up to 1000 messages
2025/08/16 17:32:13 📋 [DLQ] Queue game.dlq.unroutable.q: retrieved 2 messages
2025/08/16 17:32:13 🔍 [DLQ Categorize] Queue: game.dlq.unroutable.q
2025/08/16 17:32:13 🔍 [DLQ Categorize] Queue: game.dlq.unroutable.q
[GIN] 2025/08/16 - 17:32:13 | 200 |   13.049375ms |             ::1 | GET      "/api/dlq/list"
2025/08/16 17:32:13 📋 [DLQ] Queue game.dlq.expired.q: attempting to peek up to 1000 messages
2025/08/16 17:32:13 📊 [RabbitMQ-Go] Derived metrics: 6 queues, 2 total pending, 0 consumers
[GIN] 2025/08/16 - 17:32:13 | 200 |    2.292125ms |             ::1 | GET      "/api/rabbitmq/metrics"
2025/08/16 17:32:13 📋 [DLQ] Queue game.dlq.expired.q: retrieved 0 messages
2025/08/16 17:32:13 📋 [DLQ] Queue game.dlq.failed.q: attempting to peek up to 1000 messages
2025/08/16 17:32:13 📋 [DLQ] Queue game.dlq.failed.q: retrieved 0 messages
2025/08/16 17:32:13 📋 [DLQ] Queue game.dlq.retry.q: attempting to peek up to 1000 messages
2025/08/16 17:32:13 📋 [DLQ] Queue game.dlq.retry.q: retrieved 0 messages
2025/08/16 17:32:13 📋 [DLQ] Queue game.dlq.unroutable.q: attempting to peek up to 1000 messages
2025/08/16 17:32:13 📋 [DLQ] Queue game.dlq.unroutable.q: retrieved 2 messages
2025/08/16 17:32:13 🔍 [DLQ Categorize] Queue: game.dlq.unroutable.q
2025/08/16 17:32:13 🔍 [DLQ Categorize] Queue: game.dlq.unroutable.q
[GIN] 2025/08/16 - 17:32:13 | 200 |   10.701375ms |             ::1 | GET      "/api/dlq/list"
[GIN] 2025/08/16 - 17:32:14 | 200 |     377.125µs |             ::1 | GET      "/api/workers/status"
[GIN] 2025/08/16 - 17:32:14 | 200 |       218.5µs |             ::1 | GET      "/api/workers/status"
2025/08/16 17:32:14 📋 [DLQ] Queue game.dlq.expired.q: attempting to peek up to 1000 messages
[GIN] 2025/08/16 - 17:32:14 | 200 |    3.266042ms |             ::1 | GET      "/api/pending/list"
[GIN] 2025/08/16 - 17:32:14 | 200 |    4.720375ms |             ::1 | GET      "/api/rabbitmq/queues"
2025/08/16 17:32:14 📋 [DLQ] Queue game.dlq.expired.q: retrieved 0 messages
2025/08/16 17:32:14 📋 [DLQ] Queue game.dlq.failed.q: attempting to peek up to 1000 messages
2025/08/16 17:32:14 📋 [DLQ] Queue game.dlq.failed.q: retrieved 0 messages
2025/08/16 17:32:14 📋 [DLQ] Queue game.dlq.retry.q: attempting to peek up to 1000 messages
2025/08/16 17:32:14 📋 [DLQ] Queue game.dlq.retry.q: retrieved 0 messages
2025/08/16 17:32:14 📋 [DLQ] Queue game.dlq.unroutable.q: attempting to peek up to 1000 messages
2025/08/16 17:32:14 📋 [DLQ] Queue game.dlq.unroutable.q: retrieved 2 messages
2025/08/16 17:32:14 🔍 [DLQ Categorize] Queue: game.dlq.unroutable.q
2025/08/16 17:32:14 🔍 [DLQ Categorize] Queue: game.dlq.unroutable.q
[GIN] 2025/08/16 - 17:32:14 | 200 |   15.301292ms |             ::1 | GET      "/api/dlq/list"
2025/08/16 17:32:14 📋 [DLQ] Queue game.dlq.expired.q: attempting to peek up to 1000 messages
2025/08/16 17:32:14 📊 [RabbitMQ-Go] Derived metrics: 6 queues, 2 total pending, 0 consumers
[GIN] 2025/08/16 - 17:32:14 | 200 |    2.293417ms |             ::1 | GET      "/api/rabbitmq/metrics"
2025/08/16 17:32:14 📋 [DLQ] Queue game.dlq.expired.q: retrieved 0 messages
2025/08/16 17:32:14 📋 [DLQ] Queue game.dlq.failed.q: attempting to peek up to 1000 messages
2025/08/16 17:32:14 📋 [DLQ] Queue game.dlq.failed.q: retrieved 0 messages
2025/08/16 17:32:14 📋 [DLQ] Queue game.dlq.retry.q: attempting to peek up to 1000 messages
2025/08/16 17:32:14 📋 [DLQ] Queue game.dlq.retry.q: retrieved 0 messages
2025/08/16 17:32:14 📋 [DLQ] Queue game.dlq.unroutable.q: attempting to peek up to 1000 messages
2025/08/16 17:32:14 📋 [DLQ] Queue game.dlq.unroutable.q: retrieved 2 messages
2025/08/16 17:32:14 🔍 [DLQ Categorize] Queue: game.dlq.unroutable.q
2025/08/16 17:32:14 🔍 [DLQ Categorize] Queue: game.dlq.unroutable.q
[GIN] 2025/08/16 - 17:32:14 | 200 |    9.866083ms |             ::1 | GET      "/api/dlq/list"
[GIN] 2025/08/16 - 17:32:14 | 200 |     503.125µs |             ::1 | GET      "/api/workers/status"
[GIN] 2025/08/16 - 17:32:14 | 200 |     258.792µs |             ::1 | GET      "/api/workers/status"
2025/08/16 17:32:14 📋 [DLQ] Queue game.dlq.expired.q: attempting to peek up to 1000 messages
[GIN] 2025/08/16 - 17:32:14 | 200 |    4.057208ms |             ::1 | GET      "/api/pending/list"
[GIN] 2025/08/16 - 17:32:14 | 200 |    4.228042ms |             ::1 | GET      "/api/rabbitmq/queues"
2025/08/16 17:32:14 📋 [DLQ] Queue game.dlq.expired.q: retrieved 0 messages
2025/08/16 17:32:14 📋 [DLQ] Queue game.dlq.failed.q: attempting to peek up to 1000 messages
2025/08/16 17:32:14 📋 [DLQ] Queue game.dlq.failed.q: retrieved 0 messages
2025/08/16 17:32:14 📋 [DLQ] Queue game.dlq.retry.q: attempting to peek up to 1000 messages
2025/08/16 17:32:14 📋 [DLQ] Queue game.dlq.retry.q: retrieved 0 messages
2025/08/16 17:32:14 📋 [DLQ] Queue game.dlq.unroutable.q: attempting to peek up to 1000 messages
2025/08/16 17:32:14 📋 [DLQ] Queue game.dlq.unroutable.q: retrieved 2 messages
2025/08/16 17:32:14 🔍 [DLQ Categorize] Queue: game.dlq.unroutable.q
2025/08/16 17:32:14 🔍 [DLQ Categorize] Queue: game.dlq.unroutable.q
[GIN] 2025/08/16 - 17:32:14 | 200 |   15.382958ms |             ::1 | GET      "/api/dlq/list"
2025/08/16 17:32:14 📋 [DLQ] Queue game.dlq.expired.q: attempting to peek up to 1000 messages
2025/08/16 17:32:14 📊 [RabbitMQ-Go] Derived metrics: 6 queues, 2 total pending, 0 consumers
2025/08/16 17:32:14 📋 [DLQ] Queue game.dlq.expired.q: retrieved 0 messages
2025/08/16 17:32:14 📋 [DLQ] Queue game.dlq.failed.q: attempting to peek up to 1000 messages
[GIN] 2025/08/16 - 17:32:14 | 200 |    3.836667ms |             ::1 | GET      "/api/rabbitmq/metrics"
2025/08/16 17:32:14 📋 [DLQ] Queue game.dlq.failed.q: retrieved 0 messages
2025/08/16 17:32:14 📋 [DLQ] Queue game.dlq.retry.q: attempting to peek up to 1000 messages
2025/08/16 17:32:14 📋 [DLQ] Queue game.dlq.retry.q: retrieved 0 messages
2025/08/16 17:32:14 📋 [DLQ] Queue game.dlq.unroutable.q: attempting to peek up to 1000 messages
2025/08/16 17:32:14 📋 [DLQ] Queue game.dlq.unroutable.q: retrieved 2 messages
2025/08/16 17:32:14 🔍 [DLQ Categorize] Queue: game.dlq.unroutable.q
2025/08/16 17:32:14 🔍 [DLQ Categorize] Queue: game.dlq.unroutable.q
[GIN] 2025/08/16 - 17:32:14 | 200 |   13.315541ms |             ::1 | GET      "/api/dlq/list"
[GIN] 2025/08/16 - 17:32:15 | 200 |     532.166µs |             ::1 | GET      "/api/workers/status"
[GIN] 2025/08/16 - 17:32:15 | 200 |     230.208µs |             ::1 | GET      "/api/workers/status"
2025/08/16 17:32:15 📋 [DLQ] Queue game.dlq.expired.q: attempting to peek up to 1000 messages
[GIN] 2025/08/16 - 17:32:15 | 200 |    4.082708ms |             ::1 | GET      "/api/rabbitmq/queues"
[GIN] 2025/08/16 - 17:32:15 | 200 |      4.3945ms |             ::1 | GET      "/api/pending/list"
2025/08/16 17:32:15 📋 [DLQ] Queue game.dlq.expired.q: retrieved 0 messages
2025/08/16 17:32:15 📋 [DLQ] Queue game.dlq.failed.q: attempting to peek up to 1000 messages
2025/08/16 17:32:15 📋 [DLQ] Queue game.dlq.failed.q: retrieved 0 messages
2025/08/16 17:32:15 📋 [DLQ] Queue game.dlq.retry.q: attempting to peek up to 1000 messages
2025/08/16 17:32:15 📋 [DLQ] Queue game.dlq.retry.q: retrieved 0 messages
2025/08/16 17:32:15 📋 [DLQ] Queue game.dlq.unroutable.q: attempting to peek up to 1000 messages
2025/08/16 17:32:15 📋 [DLQ] Queue game.dlq.unroutable.q: retrieved 2 messages
2025/08/16 17:32:15 🔍 [DLQ Categorize] Queue: game.dlq.unroutable.q
2025/08/16 17:32:15 🔍 [DLQ Categorize] Queue: game.dlq.unroutable.q
[GIN] 2025/08/16 - 17:32:15 | 200 |   14.897666ms |             ::1 | GET      "/api/dlq/list"
2025/08/16 17:32:15 📋 [DLQ] Queue game.dlq.expired.q: attempting to peek up to 1000 messages
2025/08/16 17:32:15 📊 [RabbitMQ-Go] Derived metrics: 6 queues, 2 total pending, 0 consumers
[GIN] 2025/08/16 - 17:32:15 | 200 |    2.054292ms |             ::1 | GET      "/api/rabbitmq/metrics"
2025/08/16 17:32:15 📋 [DLQ] Queue game.dlq.expired.q: retrieved 0 messages
2025/08/16 17:32:15 📋 [DLQ] Queue game.dlq.failed.q: attempting to peek up to 1000 messages
2025/08/16 17:32:15 📋 [DLQ] Queue game.dlq.failed.q: retrieved 0 messages
2025/08/16 17:32:15 📋 [DLQ] Queue game.dlq.retry.q: attempting to peek up to 1000 messages
2025/08/16 17:32:15 📋 [DLQ] Queue game.dlq.retry.q: retrieved 0 messages
2025/08/16 17:32:15 📋 [DLQ] Queue game.dlq.unroutable.q: attempting to peek up to 1000 messages
2025/08/16 17:32:15 📋 [DLQ] Queue game.dlq.unroutable.q: retrieved 2 messages
2025/08/16 17:32:15 🔍 [DLQ Categorize] Queue: game.dlq.unroutable.q
2025/08/16 17:32:15 🔍 [DLQ Categorize] Queue: game.dlq.unroutable.q
[GIN] 2025/08/16 - 17:32:15 | 200 |    9.444417ms |             ::1 | GET      "/api/dlq/list"
[GIN] 2025/08/16 - 17:32:15 | 304 |         202µs |             ::1 | GET      "/"
2025/08/16 17:32:15 🔌 [WebSocket] Client disconnected (total: 0)
[GIN] 2025/08/16 - 17:32:15 | 200 |          27µs |             ::1 | GET      "/api/chaos/status"
2025/08/16 17:32:15 🔗 [WebSocket] Client connected (total: 1)
[GIN] 2025/08/16 - 17:32:15 | 200 |      66.542µs |             ::1 | GET      "/ws"
[GIN] 2025/08/16 - 17:32:15 | 200 |       8.458µs |             ::1 | GET      "/api/cardgame/enabled"
2025/08/16 17:32:15 📊 [RabbitMQ-Go] Derived metrics: 6 queues, 2 total pending, 0 consumers
[GIN] 2025/08/16 - 17:32:16 | 200 |     211.917µs |             ::1 | GET      "/api/workers/status"
[GIN] 2025/08/16 - 17:32:16 | 200 |     420.375µs |             ::1 | GET      "/api/workers/status"
2025/08/16 17:32:16 📋 [DLQ] Queue game.dlq.expired.q: attempting to peek up to 1000 messages
[GIN] 2025/08/16 - 17:32:16 | 200 |     313.542µs |             ::1 | GET      "/api/workers/status"
[GIN] 2025/08/16 - 17:32:16 | 200 |     196.333µs |             ::1 | GET      "/api/workers/status"
[GIN] 2025/08/16 - 17:32:16 | 200 |      3.2575ms |             ::1 | GET      "/api/pending/list"
[GIN] 2025/08/16 - 17:32:16 | 200 |    1.347333ms |             ::1 | GET      "/api/pending/list"
[GIN] 2025/08/16 - 17:32:16 | 200 |    4.562958ms |             ::1 | GET      "/api/rabbitmq/queues"
2025/08/16 17:32:16 📊 [RabbitMQ-Go] Derived metrics: 6 queues, 2 total pending, 1 consumers
[GIN] 2025/08/16 - 17:32:16 | 200 |    5.627667ms |             ::1 | GET      "/api/rabbitmq/metrics"
2025/08/16 17:32:16 📋 [DLQ] Queue game.dlq.expired.q: retrieved 0 messages
2025/08/16 17:32:16 📋 [DLQ] Queue game.dlq.failed.q: attempting to peek up to 1000 messages
[GIN] 2025/08/16 - 17:32:16 | 200 |    2.274667ms |             ::1 | GET      "/api/rabbitmq/queues"
2025/08/16 17:32:16 📋 [DLQ] Queue game.dlq.failed.q: retrieved 0 messages
2025/08/16 17:32:16 📋 [DLQ] Queue game.dlq.retry.q: attempting to peek up to 1000 messages
2025/08/16 17:32:16 📋 [DLQ] Queue game.dlq.retry.q: retrieved 0 messages
2025/08/16 17:32:16 📋 [DLQ] Queue game.dlq.unroutable.q: attempting to peek up to 1000 messages
2025/08/16 17:32:16 📋 [DLQ] Queue game.dlq.unroutable.q: retrieved 2 messages
2025/08/16 17:32:16 🔍 [DLQ Categorize] Queue: game.dlq.unroutable.q
2025/08/16 17:32:16 🔍 [DLQ Categorize] Queue: game.dlq.unroutable.q
[GIN] 2025/08/16 - 17:32:16 | 200 |   14.279083ms |             ::1 | GET      "/api/dlq/list"
2025/08/16 17:32:16 📋 [DLQ] Queue game.dlq.expired.q: attempting to peek up to 1000 messages
2025/08/16 17:32:16 📋 [DLQ] Queue game.dlq.expired.q: retrieved 0 messages
2025/08/16 17:32:16 📋 [DLQ] Queue game.dlq.failed.q: attempting to peek up to 1000 messages
2025/08/16 17:32:16 📊 [RabbitMQ-Go] Derived metrics: 6 queues, 2 total pending, 1 consumers
[GIN] 2025/08/16 - 17:32:16 | 200 |    2.383916ms |             ::1 | GET      "/api/rabbitmq/metrics"
2025/08/16 17:32:16 📋 [DLQ] Queue game.dlq.failed.q: retrieved 0 messages
2025/08/16 17:32:16 📋 [DLQ] Queue game.dlq.retry.q: attempting to peek up to 1000 messages
2025/08/16 17:32:16 📋 [DLQ] Queue game.dlq.retry.q: retrieved 0 messages
2025/08/16 17:32:16 📋 [DLQ] Queue game.dlq.unroutable.q: attempting to peek up to 1000 messages
2025/08/16 17:32:16 📋 [DLQ] Queue game.dlq.unroutable.q: retrieved 2 messages
2025/08/16 17:32:16 🔍 [DLQ Categorize] Queue: game.dlq.unroutable.q
2025/08/16 17:32:16 🔍 [DLQ Categorize] Queue: game.dlq.unroutable.q
[GIN] 2025/08/16 - 17:32:16 | 200 |   11.527875ms |             ::1 | GET      "/api/dlq/list"
2025/08/16 17:32:16 📋 [DLQ] Queue game.dlq.expired.q: attempting to peek up to 1000 messages
2025/08/16 17:32:16 📊 [RabbitMQ-Go] Derived metrics: 6 queues, 2 total pending, 1 consumers
[GIN] 2025/08/16 - 17:32:16 | 200 |    2.176833ms |             ::1 | GET      "/api/rabbitmq/metrics"
2025/08/16 17:32:16 📋 [DLQ] Queue game.dlq.expired.q: retrieved 0 messages
2025/08/16 17:32:16 📋 [DLQ] Queue game.dlq.failed.q: attempting to peek up to 1000 messages
2025/08/16 17:32:16 📋 [DLQ] Queue game.dlq.failed.q: retrieved 0 messages
2025/08/16 17:32:16 📋 [DLQ] Queue game.dlq.retry.q: attempting to peek up to 1000 messages
2025/08/16 17:32:16 📋 [DLQ] Queue game.dlq.retry.q: retrieved 0 messages
2025/08/16 17:32:16 📋 [DLQ] Queue game.dlq.unroutable.q: attempting to peek up to 1000 messages
2025/08/16 17:32:16 📋 [DLQ] Queue game.dlq.unroutable.q: retrieved 2 messages
2025/08/16 17:32:16 🔍 [DLQ Categorize] Queue: game.dlq.unroutable.q
2025/08/16 17:32:16 🔍 [DLQ Categorize] Queue: game.dlq.unroutable.q
[GIN] 2025/08/16 - 17:32:16 | 200 |     8.86175ms |             ::1 | GET      "/api/dlq/list"
[GIN] 2025/08/16 - 17:32:16 | 200 |    1.143542ms |             ::1 | GET      "/api/pending/list"
2025/08/16 17:32:16 📋 [DLQ] Queue game.dlq.expired.q: attempting to peek up to 1000 messages
2025/08/16 17:32:16 📋 [DLQ] Queue game.dlq.expired.q: retrieved 0 messages
2025/08/16 17:32:16 📋 [DLQ] Queue game.dlq.failed.q: attempting to peek up to 1000 messages
2025/08/16 17:32:16 📋 [DLQ] Queue game.dlq.failed.q: retrieved 0 messages
2025/08/16 17:32:16 📋 [DLQ] Queue game.dlq.retry.q: attempting to peek up to 1000 messages
2025/08/16 17:32:16 📋 [DLQ] Queue game.dlq.retry.q: retrieved 0 messages
2025/08/16 17:32:16 📋 [DLQ] Queue game.dlq.unroutable.q: attempting to peek up to 1000 messages
2025/08/16 17:32:16 📋 [DLQ] Queue game.dlq.unroutable.q: retrieved 2 messages
2025/08/16 17:32:16 🔍 [DLQ Categorize] Queue: game.dlq.unroutable.q
2025/08/16 17:32:16 🔍 [DLQ Categorize] Queue: game.dlq.unroutable.q
[GIN] 2025/08/16 - 17:32:16 | 200 |    8.883916ms |             ::1 | GET      "/api/dlq/list"
2025/08/16 17:32:16 📋 [DLQ] Queue game.dlq.expired.q: attempting to peek up to 1000 messages
2025/08/16 17:32:16 📋 [DLQ] Queue game.dlq.expired.q: retrieved 0 messages
2025/08/16 17:32:16 📋 [DLQ] Queue game.dlq.failed.q: attempting to peek up to 1000 messages
2025/08/16 17:32:16 📋 [DLQ] Queue game.dlq.failed.q: retrieved 0 messages
2025/08/16 17:32:16 📋 [DLQ] Queue game.dlq.retry.q: attempting to peek up to 1000 messages
2025/08/16 17:32:16 📋 [DLQ] Queue game.dlq.retry.q: retrieved 0 messages
2025/08/16 17:32:16 📋 [DLQ] Queue game.dlq.unroutable.q: attempting to peek up to 1000 messages
2025/08/16 17:32:16 📋 [DLQ] Queue game.dlq.unroutable.q: retrieved 2 messages
2025/08/16 17:32:16 🔍 [DLQ Categorize] Queue: game.dlq.unroutable.q
2025/08/16 17:32:16 🔍 [DLQ Categorize] Queue: game.dlq.unroutable.q
[GIN] 2025/08/16 - 17:32:16 | 200 |    6.742916ms |             ::1 | GET      "/api/dlq/list"
[GIN] 2025/08/16 - 17:32:16 | 200 |     193.291µs |             ::1 | GET      "/api/workers/status"
[GIN] 2025/08/16 - 17:32:16 | 200 |     121.792µs |             ::1 | GET      "/api/workers/status"
2025/08/16 17:32:16 📋 [DLQ] Queue game.dlq.expired.q: attempting to peek up to 1000 messages
[GIN] 2025/08/16 - 17:32:16 | 200 |    1.653916ms |             ::1 | GET      "/api/pending/list"
2025/08/16 17:32:16 📋 [DLQ] Queue game.dlq.expired.q: retrieved 0 messages
2025/08/16 17:32:16 📋 [DLQ] Queue game.dlq.failed.q: attempting to peek up to 1000 messages
[GIN] 2025/08/16 - 17:32:16 | 200 |    3.887709ms |             ::1 | GET      "/api/rabbitmq/queues"
2025/08/16 17:32:16 📋 [DLQ] Queue game.dlq.failed.q: retrieved 0 messages
2025/08/16 17:32:16 📋 [DLQ] Queue game.dlq.retry.q: attempting to peek up to 1000 messages
2025/08/16 17:32:16 📋 [DLQ] Queue game.dlq.retry.q: retrieved 0 messages
2025/08/16 17:32:16 📋 [DLQ] Queue game.dlq.unroutable.q: attempting to peek up to 1000 messages
2025/08/16 17:32:16 📋 [DLQ] Queue game.dlq.unroutable.q: retrieved 2 messages
2025/08/16 17:32:16 🔍 [DLQ Categorize] Queue: game.dlq.unroutable.q
2025/08/16 17:32:16 🔍 [DLQ Categorize] Queue: game.dlq.unroutable.q
[GIN] 2025/08/16 - 17:32:16 | 200 |   10.974667ms |             ::1 | GET      "/api/dlq/list"
2025/08/16 17:32:16 📋 [DLQ] Queue game.dlq.expired.q: attempting to peek up to 1000 messages
2025/08/16 17:32:16 📊 [RabbitMQ-Go] Derived metrics: 6 queues, 2 total pending, 1 consumers
[GIN] 2025/08/16 - 17:32:16 | 200 |    1.571875ms |             ::1 | GET      "/api/rabbitmq/metrics"
2025/08/16 17:32:16 📋 [DLQ] Queue game.dlq.expired.q: retrieved 0 messages
2025/08/16 17:32:16 📋 [DLQ] Queue game.dlq.failed.q: attempting to peek up to 1000 messages
2025/08/16 17:32:16 📋 [DLQ] Queue game.dlq.failed.q: retrieved 0 messages
2025/08/16 17:32:16 📋 [DLQ] Queue game.dlq.retry.q: attempting to peek up to 1000 messages
2025/08/16 17:32:16 📋 [DLQ] Queue game.dlq.retry.q: retrieved 0 messages
2025/08/16 17:32:16 📋 [DLQ] Queue game.dlq.unroutable.q: attempting to peek up to 1000 messages
2025/08/16 17:32:16 📋 [DLQ] Queue game.dlq.unroutable.q: retrieved 2 messages
2025/08/16 17:32:16 🔍 [DLQ Categorize] Queue: game.dlq.unroutable.q
2025/08/16 17:32:16 🔍 [DLQ Categorize] Queue: game.dlq.unroutable.q
[GIN] 2025/08/16 - 17:32:16 | 200 |    7.683125ms |             ::1 | GET      "/api/dlq/list"
[GIN] 2025/08/16 - 17:32:17 | 200 |     388.875µs |             ::1 | GET      "/api/workers/status"
[GIN] 2025/08/16 - 17:32:17 | 200 |     279.333µs |             ::1 | GET      "/api/workers/status"
2025/08/16 17:32:17 📋 [DLQ] Queue game.dlq.expired.q: attempting to peek up to 1000 messages
[GIN] 2025/08/16 - 17:32:17 | 200 |    6.138791ms |             ::1 | GET      "/api/rabbitmq/queues"
[GIN] 2025/08/16 - 17:32:17 | 200 |    7.773416ms |             ::1 | GET      "/api/pending/list"
2025/08/16 17:32:17 📋 [DLQ] Queue game.dlq.expired.q: retrieved 0 messages
2025/08/16 17:32:17 📋 [DLQ] Queue game.dlq.failed.q: attempting to peek up to 1000 messages
2025/08/16 17:32:17 📋 [DLQ] Queue game.dlq.failed.q: retrieved 0 messages
2025/08/16 17:32:17 📋 [DLQ] Queue game.dlq.retry.q: attempting to peek up to 1000 messages
2025/08/16 17:32:17 📋 [DLQ] Queue game.dlq.retry.q: retrieved 0 messages
2025/08/16 17:32:17 📋 [DLQ] Queue game.dlq.unroutable.q: attempting to peek up to 1000 messages
2025/08/16 17:32:17 📋 [DLQ] Queue game.dlq.unroutable.q: retrieved 2 messages
2025/08/16 17:32:17 🔍 [DLQ Categorize] Queue: game.dlq.unroutable.q
2025/08/16 17:32:17 🔍 [DLQ Categorize] Queue: game.dlq.unroutable.q
[GIN] 2025/08/16 - 17:32:17 | 200 |   20.007292ms |             ::1 | GET      "/api/dlq/list"
2025/08/16 17:32:17 📋 [DLQ] Queue game.dlq.expired.q: attempting to peek up to 1000 messages
2025/08/16 17:32:17 📋 [DLQ] Queue game.dlq.expired.q: retrieved 0 messages
2025/08/16 17:32:17 📋 [DLQ] Queue game.dlq.failed.q: attempting to peek up to 1000 messages
2025/08/16 17:32:17 📊 [RabbitMQ-Go] Derived metrics: 6 queues, 2 total pending, 1 consumers
[GIN] 2025/08/16 - 17:32:17 | 200 |     2.89175ms |             ::1 | GET      "/api/rabbitmq/metrics"
2025/08/16 17:32:17 📋 [DLQ] Queue game.dlq.failed.q: retrieved 0 messages
2025/08/16 17:32:17 📋 [DLQ] Queue game.dlq.retry.q: attempting to peek up to 1000 messages
2025/08/16 17:32:17 📋 [DLQ] Queue game.dlq.retry.q: retrieved 0 messages
2025/08/16 17:32:17 📋 [DLQ] Queue game.dlq.unroutable.q: attempting to peek up to 1000 messages
2025/08/16 17:32:17 📋 [DLQ] Queue game.dlq.unroutable.q: retrieved 2 messages
2025/08/16 17:32:17 🔍 [DLQ Categorize] Queue: game.dlq.unroutable.q
2025/08/16 17:32:17 🔍 [DLQ Categorize] Queue: game.dlq.unroutable.q
[GIN] 2025/08/16 - 17:32:17 | 200 |   11.365417ms |             ::1 | GET      "/api/dlq/list"
2025/08/16 17:32:17 📊 [RabbitMQ-Go] Derived metrics: 6 queues, 2 total pending, 1 consumers
[GIN] 2025/08/16 - 17:32:17 | 200 |     404.834µs |             ::1 | GET      "/api/workers/status"
[GIN] 2025/08/16 - 17:32:17 | 200 |       567.5µs |             ::1 | GET      "/api/workers/status"
2025/08/16 17:32:17 📋 [DLQ] Queue game.dlq.expired.q: attempting to peek up to 1000 messages
[GIN] 2025/08/16 - 17:32:17 | 200 |    4.254625ms |             ::1 | GET      "/api/pending/list"
[GIN] 2025/08/16 - 17:32:17 | 200 |    4.516333ms |             ::1 | GET      "/api/rabbitmq/queues"
2025/08/16 17:32:17 📋 [DLQ] Queue game.dlq.expired.q: retrieved 0 messages
2025/08/16 17:32:17 📋 [DLQ] Queue game.dlq.failed.q: attempting to peek up to 1000 messages
2025/08/16 17:32:17 📋 [DLQ] Queue game.dlq.failed.q: retrieved 0 messages
2025/08/16 17:32:17 📋 [DLQ] Queue game.dlq.retry.q: attempting to peek up to 1000 messages
2025/08/16 17:32:17 📋 [DLQ] Queue game.dlq.retry.q: retrieved 0 messages
2025/08/16 17:32:17 📋 [DLQ] Queue game.dlq.unroutable.q: attempting to peek up to 1000 messages
2025/08/16 17:32:17 📋 [DLQ] Queue game.dlq.unroutable.q: retrieved 2 messages
2025/08/16 17:32:17 🔍 [DLQ Categorize] Queue: game.dlq.unroutable.q
2025/08/16 17:32:17 🔍 [DLQ Categorize] Queue: game.dlq.unroutable.q
[GIN] 2025/08/16 - 17:32:17 | 200 |   15.147875ms |             ::1 | GET      "/api/dlq/list"
2025/08/16 17:32:17 📋 [DLQ] Queue game.dlq.expired.q: attempting to peek up to 1000 messages
2025/08/16 17:32:17 📊 [RabbitMQ-Go] Derived metrics: 6 queues, 2 total pending, 1 consumers
[GIN] 2025/08/16 - 17:32:17 | 200 |    1.999667ms |             ::1 | GET      "/api/rabbitmq/metrics"
2025/08/16 17:32:17 📋 [DLQ] Queue game.dlq.expired.q: retrieved 0 messages
2025/08/16 17:32:17 📋 [DLQ] Queue game.dlq.failed.q: attempting to peek up to 1000 messages
2025/08/16 17:32:17 📋 [DLQ] Queue game.dlq.failed.q: retrieved 0 messages
2025/08/16 17:32:17 📋 [DLQ] Queue game.dlq.retry.q: attempting to peek up to 1000 messages
2025/08/16 17:32:17 📋 [DLQ] Queue game.dlq.retry.q: retrieved 0 messages
2025/08/16 17:32:17 📋 [DLQ] Queue game.dlq.unroutable.q: attempting to peek up to 1000 messages
2025/08/16 17:32:17 📋 [DLQ] Queue game.dlq.unroutable.q: retrieved 2 messages
2025/08/16 17:32:17 🔍 [DLQ Categorize] Queue: game.dlq.unroutable.q
2025/08/16 17:32:17 🔍 [DLQ Categorize] Queue: game.dlq.unroutable.q
[GIN] 2025/08/16 - 17:32:17 | 200 |    9.586083ms |             ::1 | GET      "/api/dlq/list"
[GIN] 2025/08/16 - 17:32:18 | 200 |      629.25µs |             ::1 | GET      "/api/workers/status"
[GIN] 2025/08/16 - 17:32:18 | 200 |     360.708µs |             ::1 | GET      "/api/workers/status"
2025/08/16 17:32:18 📋 [DLQ] Queue game.dlq.expired.q: attempting to peek up to 1000 messages
[GIN] 2025/08/16 - 17:32:18 | 200 |    5.118583ms |             ::1 | GET      "/api/rabbitmq/queues"
[GIN] 2025/08/16 - 17:32:18 | 200 |    6.805292ms |             ::1 | GET      "/api/pending/list"
2025/08/16 17:32:18 📋 [DLQ] Queue game.dlq.expired.q: retrieved 0 messages
2025/08/16 17:32:18 📋 [DLQ] Queue game.dlq.failed.q: attempting to peek up to 1000 messages
2025/08/16 17:32:18 📋 [DLQ] Queue game.dlq.failed.q: retrieved 0 messages
2025/08/16 17:32:18 📋 [DLQ] Queue game.dlq.retry.q: attempting to peek up to 1000 messages
2025/08/16 17:32:18 📋 [DLQ] Queue game.dlq.retry.q: retrieved 0 messages
2025/08/16 17:32:18 📋 [DLQ] Queue game.dlq.unroutable.q: attempting to peek up to 1000 messages
2025/08/16 17:32:18 📋 [DLQ] Queue game.dlq.unroutable.q: retrieved 2 messages
2025/08/16 17:32:18 🔍 [DLQ Categorize] Queue: game.dlq.unroutable.q
2025/08/16 17:32:18 🔍 [DLQ Categorize] Queue: game.dlq.unroutable.q
[GIN] 2025/08/16 - 17:32:18 | 200 |   17.695458ms |             ::1 | GET      "/api/dlq/list"
2025/08/16 17:32:18 📋 [DLQ] Queue game.dlq.expired.q: attempting to peek up to 1000 messages
2025/08/16 17:32:18 📊 [RabbitMQ-Go] Derived metrics: 6 queues, 2 total pending, 1 consumers
2025/08/16 17:32:18 📋 [DLQ] Queue game.dlq.expired.q: retrieved 0 messages
2025/08/16 17:32:18 📋 [DLQ] Queue game.dlq.failed.q: attempting to peek up to 1000 messages
[GIN] 2025/08/16 - 17:32:18 | 200 |    3.371458ms |             ::1 | GET      "/api/rabbitmq/metrics"
2025/08/16 17:32:18 📋 [DLQ] Queue game.dlq.failed.q: retrieved 0 messages
2025/08/16 17:32:18 📋 [DLQ] Queue game.dlq.retry.q: attempting to peek up to 1000 messages
2025/08/16 17:32:18 📋 [DLQ] Queue game.dlq.retry.q: retrieved 0 messages
2025/08/16 17:32:18 📋 [DLQ] Queue game.dlq.unroutable.q: attempting to peek up to 1000 messages
2025/08/16 17:32:18 📋 [DLQ] Queue game.dlq.unroutable.q: retrieved 2 messages
2025/08/16 17:32:18 🔍 [DLQ Categorize] Queue: game.dlq.unroutable.q
2025/08/16 17:32:18 🔍 [DLQ Categorize] Queue: game.dlq.unroutable.q
[GIN] 2025/08/16 - 17:32:18 | 200 |   13.483084ms |             ::1 | GET      "/api/dlq/list"
[GIN] 2025/08/16 - 17:32:18 | 200 |     247.666µs |             ::1 | GET      "/api/workers/status"
[GIN] 2025/08/16 - 17:32:18 | 200 |     173.791µs |             ::1 | GET      "/api/workers/status"
2025/08/16 17:32:18 📋 [DLQ] Queue game.dlq.expired.q: attempting to peek up to 1000 messages
[GIN] 2025/08/16 - 17:32:18 | 200 |    2.854583ms |             ::1 | GET      "/api/pending/list"
[GIN] 2025/08/16 - 17:32:18 | 200 |    4.260292ms |             ::1 | GET      "/api/rabbitmq/queues"
2025/08/16 17:32:18 📋 [DLQ] Queue game.dlq.expired.q: retrieved 0 messages
2025/08/16 17:32:18 📋 [DLQ] Queue game.dlq.failed.q: attempting to peek up to 1000 messages
2025/08/16 17:32:18 📋 [DLQ] Queue game.dlq.failed.q: retrieved 0 messages
2025/08/16 17:32:18 📋 [DLQ] Queue game.dlq.retry.q: attempting to peek up to 1000 messages
2025/08/16 17:32:18 📋 [DLQ] Queue game.dlq.retry.q: retrieved 0 messages
2025/08/16 17:32:18 📋 [DLQ] Queue game.dlq.unroutable.q: attempting to peek up to 1000 messages
2025/08/16 17:32:18 📋 [DLQ] Queue game.dlq.unroutable.q: retrieved 2 messages
2025/08/16 17:32:18 🔍 [DLQ Categorize] Queue: game.dlq.unroutable.q
2025/08/16 17:32:18 🔍 [DLQ Categorize] Queue: game.dlq.unroutable.q
[GIN] 2025/08/16 - 17:32:18 | 200 |   13.380417ms |             ::1 | GET      "/api/dlq/list"
2025/08/16 17:32:18 📋 [DLQ] Queue game.dlq.expired.q: attempting to peek up to 1000 messages
2025/08/16 17:32:18 📊 [RabbitMQ-Go] Derived metrics: 6 queues, 2 total pending, 1 consumers
[GIN] 2025/08/16 - 17:32:18 | 200 |    2.108417ms |             ::1 | GET      "/api/rabbitmq/metrics"
2025/08/16 17:32:18 📋 [DLQ] Queue game.dlq.expired.q: retrieved 0 messages
2025/08/16 17:32:18 📋 [DLQ] Queue game.dlq.failed.q: attempting to peek up to 1000 messages
2025/08/16 17:32:18 📋 [DLQ] Queue game.dlq.failed.q: retrieved 0 messages
2025/08/16 17:32:18 📋 [DLQ] Queue game.dlq.retry.q: attempting to peek up to 1000 messages
2025/08/16 17:32:18 📋 [DLQ] Queue game.dlq.retry.q: retrieved 0 messages
2025/08/16 17:32:18 📋 [DLQ] Queue game.dlq.unroutable.q: attempting to peek up to 1000 messages
2025/08/16 17:32:18 📋 [DLQ] Queue game.dlq.unroutable.q: retrieved 2 messages
2025/08/16 17:32:18 🔍 [DLQ Categorize] Queue: game.dlq.unroutable.q
2025/08/16 17:32:18 🔍 [DLQ Categorize] Queue: game.dlq.unroutable.q
[GIN] 2025/08/16 - 17:32:18 | 200 |    8.761084ms |             ::1 | GET      "/api/dlq/list"
[GIN] 2025/08/16 - 17:32:19 | 200 |     457.958µs |             ::1 | GET      "/api/workers/status"
[GIN] 2025/08/16 - 17:32:19 | 200 |      391.25µs |             ::1 | GET      "/api/workers/status"
2025/08/16 17:32:19 📋 [DLQ] Queue game.dlq.expired.q: attempting to peek up to 1000 messages
[GIN] 2025/08/16 - 17:32:19 | 200 |    4.769708ms |             ::1 | GET      "/api/pending/list"
[GIN] 2025/08/16 - 17:32:19 | 200 |    6.862333ms |             ::1 | GET      "/api/rabbitmq/queues"
2025/08/16 17:32:19 📋 [DLQ] Queue game.dlq.expired.q: retrieved 0 messages
2025/08/16 17:32:19 📋 [DLQ] Queue game.dlq.failed.q: attempting to peek up to 1000 messages
2025/08/16 17:32:19 📋 [DLQ] Queue game.dlq.failed.q: retrieved 0 messages
2025/08/16 17:32:19 📋 [DLQ] Queue game.dlq.retry.q: attempting to peek up to 1000 messages
2025/08/16 17:32:19 📋 [DLQ] Queue game.dlq.retry.q: retrieved 0 messages
2025/08/16 17:32:19 📋 [DLQ] Queue game.dlq.unroutable.q: attempting to peek up to 1000 messages
2025/08/16 17:32:19 📋 [DLQ] Queue game.dlq.unroutable.q: retrieved 2 messages
2025/08/16 17:32:19 🔍 [DLQ Categorize] Queue: game.dlq.unroutable.q
2025/08/16 17:32:19 🔍 [DLQ Categorize] Queue: game.dlq.unroutable.q
[GIN] 2025/08/16 - 17:32:19 | 200 |   21.532583ms |             ::1 | GET      "/api/dlq/list"
2025/08/16 17:32:19 📋 [DLQ] Queue game.dlq.expired.q: attempting to peek up to 1000 messages
2025/08/16 17:32:19 📊 [RabbitMQ-Go] Derived metrics: 6 queues, 2 total pending, 1 consumers
[GIN] 2025/08/16 - 17:32:19 | 200 |    3.126542ms |             ::1 | GET      "/api/rabbitmq/metrics"
2025/08/16 17:32:19 📋 [DLQ] Queue game.dlq.expired.q: retrieved 0 messages
2025/08/16 17:32:19 📋 [DLQ] Queue game.dlq.failed.q: attempting to peek up to 1000 messages
2025/08/16 17:32:19 📋 [DLQ] Queue game.dlq.failed.q: retrieved 0 messages
2025/08/16 17:32:19 📋 [DLQ] Queue game.dlq.retry.q: attempting to peek up to 1000 messages
2025/08/16 17:32:19 📋 [DLQ] Queue game.dlq.retry.q: retrieved 0 messages
2025/08/16 17:32:19 📋 [DLQ] Queue game.dlq.unroutable.q: attempting to peek up to 1000 messages
2025/08/16 17:32:19 📋 [DLQ] Queue game.dlq.unroutable.q: retrieved 2 messages
2025/08/16 17:32:19 🔍 [DLQ Categorize] Queue: game.dlq.unroutable.q
2025/08/16 17:32:19 🔍 [DLQ Categorize] Queue: game.dlq.unroutable.q
[GIN] 2025/08/16 - 17:32:19 | 200 |   14.282333ms |             ::1 | GET      "/api/dlq/list"
2025/08/16 17:32:19 📊 [RabbitMQ-Go] Derived metrics: 6 queues, 2 total pending, 1 consumers
[GIN] 2025/08/16 - 17:32:19 | 200 |     300.041µs |             ::1 | GET      "/api/workers/status"
[GIN] 2025/08/16 - 17:32:19 | 200 |     221.375µs |             ::1 | GET      "/api/workers/status"
[GIN] 2025/08/16 - 17:32:19 | 200 |    2.612667ms |             ::1 | GET      "/api/pending/list"
2025/08/16 17:32:19 📋 [DLQ] Queue game.dlq.expired.q: attempting to peek up to 1000 messages
[GIN] 2025/08/16 - 17:32:19 | 200 |    4.233333ms |             ::1 | GET      "/api/rabbitmq/queues"
2025/08/16 17:32:19 📋 [DLQ] Queue game.dlq.expired.q: retrieved 0 messages
2025/08/16 17:32:19 📋 [DLQ] Queue game.dlq.failed.q: attempting to peek up to 1000 messages
2025/08/16 17:32:19 📋 [DLQ] Queue game.dlq.failed.q: retrieved 0 messages
2025/08/16 17:32:19 📋 [DLQ] Queue game.dlq.retry.q: attempting to peek up to 1000 messages
2025/08/16 17:32:19 📋 [DLQ] Queue game.dlq.retry.q: retrieved 0 messages
2025/08/16 17:32:19 📋 [DLQ] Queue game.dlq.unroutable.q: attempting to peek up to 1000 messages
2025/08/16 17:32:19 📋 [DLQ] Queue game.dlq.unroutable.q: retrieved 2 messages
2025/08/16 17:32:19 🔍 [DLQ Categorize] Queue: game.dlq.unroutable.q
2025/08/16 17:32:19 🔍 [DLQ Categorize] Queue: game.dlq.unroutable.q
[GIN] 2025/08/16 - 17:32:19 | 200 |   15.309584ms |             ::1 | GET      "/api/dlq/list"
2025/08/16 17:32:19 📋 [DLQ] Queue game.dlq.expired.q: attempting to peek up to 1000 messages
2025/08/16 17:32:19 📊 [RabbitMQ-Go] Derived metrics: 6 queues, 2 total pending, 1 consumers
[GIN] 2025/08/16 - 17:32:19 | 200 |    2.121458ms |             ::1 | GET      "/api/rabbitmq/metrics"
2025/08/16 17:32:19 📋 [DLQ] Queue game.dlq.expired.q: retrieved 0 messages
2025/08/16 17:32:19 📋 [DLQ] Queue game.dlq.failed.q: attempting to peek up to 1000 messages
2025/08/16 17:32:19 📋 [DLQ] Queue game.dlq.failed.q: retrieved 0 messages
2025/08/16 17:32:19 📋 [DLQ] Queue game.dlq.retry.q: attempting to peek up to 1000 messages
2025/08/16 17:32:19 📋 [DLQ] Queue game.dlq.retry.q: retrieved 0 messages
2025/08/16 17:32:19 📋 [DLQ] Queue game.dlq.unroutable.q: attempting to peek up to 1000 messages
2025/08/16 17:32:19 📋 [DLQ] Queue game.dlq.unroutable.q: retrieved 2 messages
2025/08/16 17:32:19 🔍 [DLQ Categorize] Queue: game.dlq.unroutable.q
2025/08/16 17:32:19 🔍 [DLQ Categorize] Queue: game.dlq.unroutable.q
[GIN] 2025/08/16 - 17:32:19 | 200 |   10.930958ms |             ::1 | GET      "/api/dlq/list"
[GIN] 2025/08/16 - 17:32:20 | 200 |     197.292µs |             ::1 | GET      "/api/workers/status"
[GIN] 2025/08/16 - 17:32:20 | 200 |     168.292µs |             ::1 | GET      "/api/workers/status"
[GIN] 2025/08/16 - 17:32:20 | 200 |       1.468ms |             ::1 | GET      "/api/pending/list"
2025/08/16 17:32:20 📋 [DLQ] Queue game.dlq.expired.q: attempting to peek up to 1000 messages
[GIN] 2025/08/16 - 17:32:20 | 200 |     2.68675ms |             ::1 | GET      "/api/rabbitmq/queues"
2025/08/16 17:32:20 📋 [DLQ] Queue game.dlq.expired.q: retrieved 0 messages
2025/08/16 17:32:20 📋 [DLQ] Queue game.dlq.failed.q: attempting to peek up to 1000 messages
2025/08/16 17:32:20 📋 [DLQ] Queue game.dlq.failed.q: retrieved 0 messages
2025/08/16 17:32:20 📋 [DLQ] Queue game.dlq.retry.q: attempting to peek up to 1000 messages
2025/08/16 17:32:20 📋 [DLQ] Queue game.dlq.retry.q: retrieved 0 messages
2025/08/16 17:32:20 📋 [DLQ] Queue game.dlq.unroutable.q: attempting to peek up to 1000 messages
2025/08/16 17:32:20 📋 [DLQ] Queue game.dlq.unroutable.q: retrieved 2 messages
2025/08/16 17:32:20 🔍 [DLQ Categorize] Queue: game.dlq.unroutable.q
2025/08/16 17:32:20 🔍 [DLQ Categorize] Queue: game.dlq.unroutable.q
[GIN] 2025/08/16 - 17:32:20 | 200 |   10.230667ms |             ::1 | GET      "/api/dlq/list"
2025/08/16 17:32:20 📋 [DLQ] Queue game.dlq.expired.q: attempting to peek up to 1000 messages
2025/08/16 17:32:20 📊 [RabbitMQ-Go] Derived metrics: 6 queues, 2 total pending, 1 consumers
[GIN] 2025/08/16 - 17:32:20 | 200 |    2.133042ms |             ::1 | GET      "/api/rabbitmq/metrics"
2025/08/16 17:32:20 📋 [DLQ] Queue game.dlq.expired.q: retrieved 0 messages
2025/08/16 17:32:20 📋 [DLQ] Queue game.dlq.failed.q: attempting to peek up to 1000 messages
2025/08/16 17:32:20 📋 [DLQ] Queue game.dlq.failed.q: retrieved 0 messages
2025/08/16 17:32:20 📋 [DLQ] Queue game.dlq.retry.q: attempting to peek up to 1000 messages
2025/08/16 17:32:20 📋 [DLQ] Queue game.dlq.retry.q: retrieved 0 messages
2025/08/16 17:32:20 📋 [DLQ] Queue game.dlq.unroutable.q: attempting to peek up to 1000 messages
2025/08/16 17:32:20 📋 [DLQ] Queue game.dlq.unroutable.q: retrieved 2 messages
2025/08/16 17:32:20 🔍 [DLQ Categorize] Queue: game.dlq.unroutable.q
2025/08/16 17:32:20 🔍 [DLQ Categorize] Queue: game.dlq.unroutable.q
[GIN] 2025/08/16 - 17:32:20 | 200 |    8.658291ms |             ::1 | GET      "/api/dlq/list"
[GIN] 2025/08/16 - 17:32:20 | 200 |       222.5µs |             ::1 | GET      "/api/workers/status"
[GIN] 2025/08/16 - 17:32:20 | 200 |    1.893209ms |             ::1 | GET      "/api/rabbitmq/queues"
[GIN] 2025/08/16 - 17:32:20 | 200 |       346.5µs |             ::1 | GET      "/api/workers/status"
[GIN] 2025/08/16 - 17:32:20 | 200 |      219.25µs |             ::1 | GET      "/api/workers/status"
[GIN] 2025/08/16 - 17:32:20 | 200 |    3.141208ms |             ::1 | GET      "/api/pending/list"
2025/08/16 17:32:20 📋 [DLQ] Queue game.dlq.expired.q: attempting to peek up to 1000 messages
[GIN] 2025/08/16 - 17:32:20 | 200 |    5.878791ms |             ::1 | GET      "/api/rabbitmq/queues"
2025/08/16 17:32:20 📋 [DLQ] Queue game.dlq.expired.q: retrieved 0 messages
2025/08/16 17:32:20 📋 [DLQ] Queue game.dlq.failed.q: attempting to peek up to 1000 messages
2025/08/16 17:32:20 📋 [DLQ] Queue game.dlq.failed.q: retrieved 0 messages
2025/08/16 17:32:20 📋 [DLQ] Queue game.dlq.retry.q: attempting to peek up to 1000 messages
2025/08/16 17:32:20 📋 [DLQ] Queue game.dlq.retry.q: retrieved 0 messages
2025/08/16 17:32:20 📋 [DLQ] Queue game.dlq.unroutable.q: attempting to peek up to 1000 messages
2025/08/16 17:32:20 📋 [DLQ] Queue game.dlq.unroutable.q: retrieved 2 messages
2025/08/16 17:32:20 🔍 [DLQ Categorize] Queue: game.dlq.unroutable.q
2025/08/16 17:32:20 🔍 [DLQ Categorize] Queue: game.dlq.unroutable.q
[GIN] 2025/08/16 - 17:32:20 | 200 |   16.829084ms |             ::1 | GET      "/api/dlq/list"
2025/08/16 17:32:20 📋 [DLQ] Queue game.dlq.expired.q: attempting to peek up to 1000 messages
2025/08/16 17:32:20 📋 [DLQ] Queue game.dlq.expired.q: retrieved 0 messages
2025/08/16 17:32:20 📋 [DLQ] Queue game.dlq.failed.q: attempting to peek up to 1000 messages
2025/08/16 17:32:20 📊 [RabbitMQ-Go] Derived metrics: 6 queues, 2 total pending, 1 consumers
[GIN] 2025/08/16 - 17:32:20 | 200 |    2.277333ms |             ::1 | GET      "/api/rabbitmq/metrics"
2025/08/16 17:32:20 📋 [DLQ] Queue game.dlq.failed.q: retrieved 0 messages
2025/08/16 17:32:20 📋 [DLQ] Queue game.dlq.retry.q: attempting to peek up to 1000 messages
2025/08/16 17:32:20 📋 [DLQ] Queue game.dlq.retry.q: retrieved 0 messages
2025/08/16 17:32:20 📋 [DLQ] Queue game.dlq.unroutable.q: attempting to peek up to 1000 messages
2025/08/16 17:32:20 📋 [DLQ] Queue game.dlq.unroutable.q: retrieved 2 messages
2025/08/16 17:32:20 🔍 [DLQ Categorize] Queue: game.dlq.unroutable.q
2025/08/16 17:32:20 🔍 [DLQ Categorize] Queue: game.dlq.unroutable.q
[GIN] 2025/08/16 - 17:32:20 | 200 |   10.796458ms |             ::1 | GET      "/api/dlq/list"
[GIN] 2025/08/16 - 17:32:21 | 200 |     415.875µs |             ::1 | GET      "/api/workers/status"
[GIN] 2025/08/16 - 17:32:21 | 200 |       216.5µs |             ::1 | GET      "/api/workers/status"
2025/08/16 17:32:21 📋 [DLQ] Queue game.dlq.expired.q: attempting to peek up to 1000 messages
[GIN] 2025/08/16 - 17:32:21 | 200 |      3.3545ms |             ::1 | GET      "/api/rabbitmq/queues"
[GIN] 2025/08/16 - 17:32:21 | 200 |      4.7765ms |             ::1 | GET      "/api/pending/list"
2025/08/16 17:32:21 📋 [DLQ] Queue game.dlq.expired.q: retrieved 0 messages
2025/08/16 17:32:21 📋 [DLQ] Queue game.dlq.failed.q: attempting to peek up to 1000 messages
2025/08/16 17:32:21 📋 [DLQ] Queue game.dlq.failed.q: retrieved 0 messages
2025/08/16 17:32:21 📋 [DLQ] Queue game.dlq.retry.q: attempting to peek up to 1000 messages
2025/08/16 17:32:21 📋 [DLQ] Queue game.dlq.retry.q: retrieved 0 messages
2025/08/16 17:32:21 📋 [DLQ] Queue game.dlq.unroutable.q: attempting to peek up to 1000 messages
2025/08/16 17:32:21 📋 [DLQ] Queue game.dlq.unroutable.q: retrieved 2 messages
2025/08/16 17:32:21 🔍 [DLQ Categorize] Queue: game.dlq.unroutable.q
2025/08/16 17:32:21 🔍 [DLQ Categorize] Queue: game.dlq.unroutable.q
[GIN] 2025/08/16 - 17:32:21 | 200 |   15.830541ms |             ::1 | GET      "/api/dlq/list"
2025/08/16 17:32:21 📋 [DLQ] Queue game.dlq.expired.q: attempting to peek up to 1000 messages
2025/08/16 17:32:21 📋 [DLQ] Queue game.dlq.expired.q: retrieved 0 messages
2025/08/16 17:32:21 📋 [DLQ] Queue game.dlq.failed.q: attempting to peek up to 1000 messages
2025/08/16 17:32:21 📊 [RabbitMQ-Go] Derived metrics: 6 queues, 2 total pending, 1 consumers
[GIN] 2025/08/16 - 17:32:21 | 200 |      3.5785ms |             ::1 | GET      "/api/rabbitmq/metrics"
2025/08/16 17:32:21 📋 [DLQ] Queue game.dlq.failed.q: retrieved 0 messages
2025/08/16 17:32:21 📋 [DLQ] Queue game.dlq.retry.q: attempting to peek up to 1000 messages
2025/08/16 17:32:21 📋 [DLQ] Queue game.dlq.retry.q: retrieved 0 messages
2025/08/16 17:32:21 📋 [DLQ] Queue game.dlq.unroutable.q: attempting to peek up to 1000 messages
2025/08/16 17:32:21 📋 [DLQ] Queue game.dlq.unroutable.q: retrieved 2 messages
2025/08/16 17:32:21 🔍 [DLQ Categorize] Queue: game.dlq.unroutable.q
2025/08/16 17:32:21 🔍 [DLQ Categorize] Queue: game.dlq.unroutable.q
[GIN] 2025/08/16 - 17:32:21 | 200 |   11.618708ms |             ::1 | GET      "/api/dlq/list"
2025/08/16 17:32:21 📊 [RabbitMQ-Go] Derived metrics: 6 queues, 2 total pending, 1 consumers
[GIN] 2025/08/16 - 17:32:21 | 200 |     360.333µs |             ::1 | GET      "/api/workers/status"
[GIN] 2025/08/16 - 17:32:21 | 200 |      291.75µs |             ::1 | GET      "/api/workers/status"
2025/08/16 17:32:21 📋 [DLQ] Queue game.dlq.expired.q: attempting to peek up to 1000 messages
[GIN] 2025/08/16 - 17:32:21 | 200 |    4.333125ms |             ::1 | GET      "/api/pending/list"
[GIN] 2025/08/16 - 17:32:21 | 200 |    4.975584ms |             ::1 | GET      "/api/rabbitmq/queues"
2025/08/16 17:32:21 📋 [DLQ] Queue game.dlq.expired.q: retrieved 0 messages
2025/08/16 17:32:21 📋 [DLQ] Queue game.dlq.failed.q: attempting to peek up to 1000 messages
2025/08/16 17:32:21 📋 [DLQ] Queue game.dlq.failed.q: retrieved 0 messages
2025/08/16 17:32:21 📋 [DLQ] Queue game.dlq.retry.q: attempting to peek up to 1000 messages
2025/08/16 17:32:21 📋 [DLQ] Queue game.dlq.retry.q: retrieved 0 messages
2025/08/16 17:32:21 📋 [DLQ] Queue game.dlq.unroutable.q: attempting to peek up to 1000 messages
2025/08/16 17:32:21 📋 [DLQ] Queue game.dlq.unroutable.q: retrieved 2 messages
2025/08/16 17:32:21 🔍 [DLQ Categorize] Queue: game.dlq.unroutable.q
2025/08/16 17:32:21 🔍 [DLQ Categorize] Queue: game.dlq.unroutable.q
[GIN] 2025/08/16 - 17:32:21 | 200 |   15.932541ms |             ::1 | GET      "/api/dlq/list"
2025/08/16 17:32:21 📋 [DLQ] Queue game.dlq.expired.q: attempting to peek up to 1000 messages
2025/08/16 17:32:21 📊 [RabbitMQ-Go] Derived metrics: 6 queues, 2 total pending, 1 consumers
[GIN] 2025/08/16 - 17:32:21 | 200 |    2.614125ms |             ::1 | GET      "/api/rabbitmq/metrics"
2025/08/16 17:32:21 📋 [DLQ] Queue game.dlq.expired.q: retrieved 0 messages
2025/08/16 17:32:21 📋 [DLQ] Queue game.dlq.failed.q: attempting to peek up to 1000 messages
2025/08/16 17:32:21 📋 [DLQ] Queue game.dlq.failed.q: retrieved 0 messages
2025/08/16 17:32:21 📋 [DLQ] Queue game.dlq.retry.q: attempting to peek up to 1000 messages
2025/08/16 17:32:21 📋 [DLQ] Queue game.dlq.retry.q: retrieved 0 messages
2025/08/16 17:32:21 📋 [DLQ] Queue game.dlq.unroutable.q: attempting to peek up to 1000 messages
2025/08/16 17:32:21 📋 [DLQ] Queue game.dlq.unroutable.q: retrieved 2 messages
2025/08/16 17:32:21 🔍 [DLQ Categorize] Queue: game.dlq.unroutable.q
2025/08/16 17:32:21 🔍 [DLQ Categorize] Queue: game.dlq.unroutable.q
[GIN] 2025/08/16 - 17:32:21 | 200 |   11.052167ms |             ::1 | GET      "/api/dlq/list"
[GIN] 2025/08/16 - 17:32:22 | 200 |     555.667µs |             ::1 | GET      "/api/workers/status"
[GIN] 2025/08/16 - 17:32:22 | 200 |     410.583µs |             ::1 | GET      "/api/workers/status"
2025/08/16 17:32:22 📋 [DLQ] Queue game.dlq.expired.q: attempting to peek up to 1000 messages
[GIN] 2025/08/16 - 17:32:22 | 200 |    4.562167ms |             ::1 | GET      "/api/pending/list"
[GIN] 2025/08/16 - 17:32:22 | 200 |    4.338833ms |             ::1 | GET      "/api/rabbitmq/queues"
2025/08/16 17:32:22 📋 [DLQ] Queue game.dlq.expired.q: retrieved 0 messages
2025/08/16 17:32:22 📋 [DLQ] Queue game.dlq.failed.q: attempting to peek up to 1000 messages
2025/08/16 17:32:22 📋 [DLQ] Queue game.dlq.failed.q: retrieved 0 messages
2025/08/16 17:32:22 📋 [DLQ] Queue game.dlq.retry.q: attempting to peek up to 1000 messages
2025/08/16 17:32:22 📋 [DLQ] Queue game.dlq.retry.q: retrieved 0 messages
2025/08/16 17:32:22 📋 [DLQ] Queue game.dlq.unroutable.q: attempting to peek up to 1000 messages
2025/08/16 17:32:22 📋 [DLQ] Queue game.dlq.unroutable.q: retrieved 2 messages
2025/08/16 17:32:22 🔍 [DLQ Categorize] Queue: game.dlq.unroutable.q
2025/08/16 17:32:22 🔍 [DLQ Categorize] Queue: game.dlq.unroutable.q
[GIN] 2025/08/16 - 17:32:22 | 200 |   16.581375ms |             ::1 | GET      "/api/dlq/list"
2025/08/16 17:32:22 📋 [DLQ] Queue game.dlq.expired.q: attempting to peek up to 1000 messages
2025/08/16 17:32:22 📊 [RabbitMQ-Go] Derived metrics: 6 queues, 2 total pending, 1 consumers
[GIN] 2025/08/16 - 17:32:22 | 200 |       2.215ms |             ::1 | GET      "/api/rabbitmq/metrics"
2025/08/16 17:32:22 📋 [DLQ] Queue game.dlq.expired.q: retrieved 0 messages
2025/08/16 17:32:22 📋 [DLQ] Queue game.dlq.failed.q: attempting to peek up to 1000 messages
2025/08/16 17:32:22 📋 [DLQ] Queue game.dlq.failed.q: retrieved 0 messages
2025/08/16 17:32:22 📋 [DLQ] Queue game.dlq.retry.q: attempting to peek up to 1000 messages
2025/08/16 17:32:22 📋 [DLQ] Queue game.dlq.retry.q: retrieved 0 messages
2025/08/16 17:32:22 📋 [DLQ] Queue game.dlq.unroutable.q: attempting to peek up to 1000 messages
2025/08/16 17:32:22 📋 [DLQ] Queue game.dlq.unroutable.q: retrieved 2 messages
2025/08/16 17:32:22 🔍 [DLQ Categorize] Queue: game.dlq.unroutable.q
2025/08/16 17:32:22 🔍 [DLQ Categorize] Queue: game.dlq.unroutable.q
[GIN] 2025/08/16 - 17:32:22 | 200 |     11.4285ms |             ::1 | GET      "/api/dlq/list"
[GIN] 2025/08/16 - 17:32:22 | 200 |     400.542µs |             ::1 | GET      "/api/workers/status"
[GIN] 2025/08/16 - 17:32:22 | 200 |     388.084µs |             ::1 | GET      "/api/workers/status"
2025/08/16 17:32:22 📋 [DLQ] Queue game.dlq.expired.q: attempting to peek up to 1000 messages
[GIN] 2025/08/16 - 17:32:22 | 200 |    3.190417ms |             ::1 | GET      "/api/pending/list"
[GIN] 2025/08/16 - 17:32:22 | 200 |    4.380666ms |             ::1 | GET      "/api/rabbitmq/queues"
2025/08/16 17:32:22 📋 [DLQ] Queue game.dlq.expired.q: retrieved 0 messages
2025/08/16 17:32:22 📋 [DLQ] Queue game.dlq.failed.q: attempting to peek up to 1000 messages
2025/08/16 17:32:22 📋 [DLQ] Queue game.dlq.failed.q: retrieved 0 messages
2025/08/16 17:32:22 📋 [DLQ] Queue game.dlq.retry.q: attempting to peek up to 1000 messages
2025/08/16 17:32:22 📋 [DLQ] Queue game.dlq.retry.q: retrieved 0 messages
2025/08/16 17:32:22 📋 [DLQ] Queue game.dlq.unroutable.q: attempting to peek up to 1000 messages
2025/08/16 17:32:22 📋 [DLQ] Queue game.dlq.unroutable.q: retrieved 2 messages
2025/08/16 17:32:22 🔍 [DLQ Categorize] Queue: game.dlq.unroutable.q
2025/08/16 17:32:22 🔍 [DLQ Categorize] Queue: game.dlq.unroutable.q
[GIN] 2025/08/16 - 17:32:22 | 200 |   12.862167ms |             ::1 | GET      "/api/dlq/list"
2025/08/16 17:32:22 📋 [DLQ] Queue game.dlq.expired.q: attempting to peek up to 1000 messages
2025/08/16 17:32:22 📊 [RabbitMQ-Go] Derived metrics: 6 queues, 2 total pending, 1 consumers
[GIN] 2025/08/16 - 17:32:22 | 200 |    2.186667ms |             ::1 | GET      "/api/rabbitmq/metrics"
2025/08/16 17:32:22 📋 [DLQ] Queue game.dlq.expired.q: retrieved 0 messages
2025/08/16 17:32:22 📋 [DLQ] Queue game.dlq.failed.q: attempting to peek up to 1000 messages
2025/08/16 17:32:22 📋 [DLQ] Queue game.dlq.failed.q: retrieved 0 messages
2025/08/16 17:32:22 📋 [DLQ] Queue game.dlq.retry.q: attempting to peek up to 1000 messages
2025/08/16 17:32:22 📋 [DLQ] Queue game.dlq.retry.q: retrieved 0 messages
2025/08/16 17:32:22 📋 [DLQ] Queue game.dlq.unroutable.q: attempting to peek up to 1000 messages
2025/08/16 17:32:22 📋 [DLQ] Queue game.dlq.unroutable.q: retrieved 2 messages
2025/08/16 17:32:22 🔍 [DLQ Categorize] Queue: game.dlq.unroutable.q
2025/08/16 17:32:22 🔍 [DLQ Categorize] Queue: game.dlq.unroutable.q
[GIN] 2025/08/16 - 17:32:22 | 200 |    8.933292ms |             ::1 | GET      "/api/dlq/list"
[GIN] 2025/08/16 - 17:32:23 | 200 |     452.625µs |             ::1 | GET      "/api/workers/status"
[GIN] 2025/08/16 - 17:32:23 | 200 |     372.792µs |             ::1 | GET      "/api/workers/status"
[GIN] 2025/08/16 - 17:32:23 | 200 |    5.110583ms |             ::1 | GET      "/api/pending/list"
2025/08/16 17:32:23 📋 [DLQ] Queue game.dlq.expired.q: attempting to peek up to 1000 messages
[GIN] 2025/08/16 - 17:32:23 | 200 |    6.072375ms |             ::1 | GET      "/api/rabbitmq/queues"
2025/08/16 17:32:23 📋 [DLQ] Queue game.dlq.expired.q: retrieved 0 messages
2025/08/16 17:32:23 📋 [DLQ] Queue game.dlq.failed.q: attempting to peek up to 1000 messages
2025/08/16 17:32:23 📋 [DLQ] Queue game.dlq.failed.q: retrieved 0 messages
2025/08/16 17:32:23 📋 [DLQ] Queue game.dlq.retry.q: attempting to peek up to 1000 messages
2025/08/16 17:32:23 📋 [DLQ] Queue game.dlq.retry.q: retrieved 0 messages
2025/08/16 17:32:23 📋 [DLQ] Queue game.dlq.unroutable.q: attempting to peek up to 1000 messages
2025/08/16 17:32:23 📋 [DLQ] Queue game.dlq.unroutable.q: retrieved 2 messages
2025/08/16 17:32:23 🔍 [DLQ Categorize] Queue: game.dlq.unroutable.q
2025/08/16 17:32:23 🔍 [DLQ Categorize] Queue: game.dlq.unroutable.q
[GIN] 2025/08/16 - 17:32:23 | 200 |   17.428084ms |             ::1 | GET      "/api/dlq/list"
2025/08/16 17:32:23 📋 [DLQ] Queue game.dlq.expired.q: attempting to peek up to 1000 messages
2025/08/16 17:32:23 📊 [RabbitMQ-Go] Derived metrics: 6 queues, 2 total pending, 1 consumers
[GIN] 2025/08/16 - 17:32:23 | 200 |    2.729334ms |             ::1 | GET      "/api/rabbitmq/metrics"
2025/08/16 17:32:23 📋 [DLQ] Queue game.dlq.expired.q: retrieved 0 messages
2025/08/16 17:32:23 📋 [DLQ] Queue game.dlq.failed.q: attempting to peek up to 1000 messages
2025/08/16 17:32:23 📋 [DLQ] Queue game.dlq.failed.q: retrieved 0 messages
2025/08/16 17:32:23 📋 [DLQ] Queue game.dlq.retry.q: attempting to peek up to 1000 messages
2025/08/16 17:32:23 📋 [DLQ] Queue game.dlq.retry.q: retrieved 0 messages
2025/08/16 17:32:23 📋 [DLQ] Queue game.dlq.unroutable.q: attempting to peek up to 1000 messages
2025/08/16 17:32:23 📋 [DLQ] Queue game.dlq.unroutable.q: retrieved 2 messages
2025/08/16 17:32:23 🔍 [DLQ Categorize] Queue: game.dlq.unroutable.q
2025/08/16 17:32:23 🔍 [DLQ Categorize] Queue: game.dlq.unroutable.q
[GIN] 2025/08/16 - 17:32:23 | 200 |   13.195917ms |             ::1 | GET      "/api/dlq/list"
2025/08/16 17:32:23 📊 [RabbitMQ-Go] Derived metrics: 6 queues, 2 total pending, 1 consumers
[GIN] 2025/08/16 - 17:32:23 | 200 |     438.792µs |             ::1 | GET      "/api/workers/status"
[GIN] 2025/08/16 - 17:32:23 | 200 |     305.166µs |             ::1 | GET      "/api/workers/status"
2025/08/16 17:32:23 📋 [DLQ] Queue game.dlq.expired.q: attempting to peek up to 1000 messages
[GIN] 2025/08/16 - 17:32:23 | 200 |    4.195333ms |             ::1 | GET      "/api/pending/list"
[GIN] 2025/08/16 - 17:32:23 | 200 |    4.879292ms |             ::1 | GET      "/api/rabbitmq/queues"
2025/08/16 17:32:23 📋 [DLQ] Queue game.dlq.expired.q: retrieved 0 messages
2025/08/16 17:32:23 📋 [DLQ] Queue game.dlq.failed.q: attempting to peek up to 1000 messages
2025/08/16 17:32:23 📋 [DLQ] Queue game.dlq.failed.q: retrieved 0 messages
2025/08/16 17:32:23 📋 [DLQ] Queue game.dlq.retry.q: attempting to peek up to 1000 messages
2025/08/16 17:32:23 📋 [DLQ] Queue game.dlq.retry.q: retrieved 0 messages
2025/08/16 17:32:23 📋 [DLQ] Queue game.dlq.unroutable.q: attempting to peek up to 1000 messages
2025/08/16 17:32:23 📋 [DLQ] Queue game.dlq.unroutable.q: retrieved 2 messages
2025/08/16 17:32:23 🔍 [DLQ Categorize] Queue: game.dlq.unroutable.q
2025/08/16 17:32:23 🔍 [DLQ Categorize] Queue: game.dlq.unroutable.q
[GIN] 2025/08/16 - 17:32:23 | 200 |   15.652333ms |             ::1 | GET      "/api/dlq/list"
2025/08/16 17:32:23 📋 [DLQ] Queue game.dlq.expired.q: attempting to peek up to 1000 messages
2025/08/16 17:32:23 📊 [RabbitMQ-Go] Derived metrics: 6 queues, 2 total pending, 1 consumers
[GIN] 2025/08/16 - 17:32:23 | 200 |    2.161209ms |             ::1 | GET      "/api/rabbitmq/metrics"
2025/08/16 17:32:23 📋 [DLQ] Queue game.dlq.expired.q: retrieved 0 messages
2025/08/16 17:32:23 📋 [DLQ] Queue game.dlq.failed.q: attempting to peek up to 1000 messages
2025/08/16 17:32:23 📋 [DLQ] Queue game.dlq.failed.q: retrieved 0 messages
2025/08/16 17:32:23 📋 [DLQ] Queue game.dlq.retry.q: attempting to peek up to 1000 messages
2025/08/16 17:32:23 📋 [DLQ] Queue game.dlq.retry.q: retrieved 0 messages
2025/08/16 17:32:23 📋 [DLQ] Queue game.dlq.unroutable.q: attempting to peek up to 1000 messages
2025/08/16 17:32:23 📋 [DLQ] Queue game.dlq.unroutable.q: retrieved 2 messages
2025/08/16 17:32:23 🔍 [DLQ Categorize] Queue: game.dlq.unroutable.q
2025/08/16 17:32:23 🔍 [DLQ Categorize] Queue: game.dlq.unroutable.q
[GIN] 2025/08/16 - 17:32:23 | 200 |   10.254875ms |             ::1 | GET      "/api/dlq/list"
[GIN] 2025/08/16 - 17:32:24 | 200 |     340.084µs |             ::1 | GET      "/api/workers/status"
[GIN] 2025/08/16 - 17:32:24 | 200 |      201.25µs |             ::1 | GET      "/api/workers/status"
2025/08/16 17:32:24 📋 [DLQ] Queue game.dlq.expired.q: attempting to peek up to 1000 messages
[GIN] 2025/08/16 - 17:32:24 | 200 |    3.442959ms |             ::1 | GET      "/api/pending/list"
[GIN] 2025/08/16 - 17:32:24 | 200 |    4.277708ms |             ::1 | GET      "/api/rabbitmq/queues"
2025/08/16 17:32:24 📋 [DLQ] Queue game.dlq.expired.q: retrieved 0 messages
2025/08/16 17:32:24 📋 [DLQ] Queue game.dlq.failed.q: attempting to peek up to 1000 messages
2025/08/16 17:32:24 📋 [DLQ] Queue game.dlq.failed.q: retrieved 0 messages
2025/08/16 17:32:24 📋 [DLQ] Queue game.dlq.retry.q: attempting to peek up to 1000 messages
2025/08/16 17:32:24 📋 [DLQ] Queue game.dlq.retry.q: retrieved 0 messages
2025/08/16 17:32:24 📋 [DLQ] Queue game.dlq.unroutable.q: attempting to peek up to 1000 messages
2025/08/16 17:32:24 📋 [DLQ] Queue game.dlq.unroutable.q: retrieved 2 messages
2025/08/16 17:32:24 🔍 [DLQ Categorize] Queue: game.dlq.unroutable.q
2025/08/16 17:32:24 🔍 [DLQ Categorize] Queue: game.dlq.unroutable.q
[GIN] 2025/08/16 - 17:32:24 | 200 |   13.507833ms |             ::1 | GET      "/api/dlq/list"
2025/08/16 17:32:24 📋 [DLQ] Queue game.dlq.expired.q: attempting to peek up to 1000 messages
2025/08/16 17:32:24 📊 [RabbitMQ-Go] Derived metrics: 6 queues, 2 total pending, 1 consumers
[GIN] 2025/08/16 - 17:32:24 | 200 |       2.396ms |             ::1 | GET      "/api/rabbitmq/metrics"
2025/08/16 17:32:24 📋 [DLQ] Queue game.dlq.expired.q: retrieved 0 messages
2025/08/16 17:32:24 📋 [DLQ] Queue game.dlq.failed.q: attempting to peek up to 1000 messages
2025/08/16 17:32:24 📋 [DLQ] Queue game.dlq.failed.q: retrieved 0 messages
2025/08/16 17:32:24 📋 [DLQ] Queue game.dlq.retry.q: attempting to peek up to 1000 messages
2025/08/16 17:32:24 📋 [DLQ] Queue game.dlq.retry.q: retrieved 0 messages
2025/08/16 17:32:24 📋 [DLQ] Queue game.dlq.unroutable.q: attempting to peek up to 1000 messages
2025/08/16 17:32:24 📋 [DLQ] Queue game.dlq.unroutable.q: retrieved 2 messages
2025/08/16 17:32:24 🔍 [DLQ Categorize] Queue: game.dlq.unroutable.q
2025/08/16 17:32:24 🔍 [DLQ Categorize] Queue: game.dlq.unroutable.q
[GIN] 2025/08/16 - 17:32:24 | 200 |    9.655292ms |             ::1 | GET      "/api/dlq/list"
[GIN] 2025/08/16 - 17:32:24 | 200 |     387.417µs |             ::1 | GET      "/api/workers/status"
[GIN] 2025/08/16 - 17:32:24 | 200 |     312.333µs |             ::1 | GET      "/api/workers/status"
[GIN] 2025/08/16 - 17:32:24 | 200 |    3.136667ms |             ::1 | GET      "/api/pending/list"
2025/08/16 17:32:24 📋 [DLQ] Queue game.dlq.expired.q: attempting to peek up to 1000 messages
[GIN] 2025/08/16 - 17:32:24 | 200 |    5.404541ms |             ::1 | GET      "/api/rabbitmq/queues"
2025/08/16 17:32:24 📋 [DLQ] Queue game.dlq.expired.q: retrieved 0 messages
2025/08/16 17:32:24 📋 [DLQ] Queue game.dlq.failed.q: attempting to peek up to 1000 messages
2025/08/16 17:32:24 📋 [DLQ] Queue game.dlq.failed.q: retrieved 0 messages
2025/08/16 17:32:24 📋 [DLQ] Queue game.dlq.retry.q: attempting to peek up to 1000 messages
2025/08/16 17:32:24 📋 [DLQ] Queue game.dlq.retry.q: retrieved 0 messages
2025/08/16 17:32:24 📋 [DLQ] Queue game.dlq.unroutable.q: attempting to peek up to 1000 messages
2025/08/16 17:32:24 📋 [DLQ] Queue game.dlq.unroutable.q: retrieved 2 messages
2025/08/16 17:32:24 🔍 [DLQ Categorize] Queue: game.dlq.unroutable.q
2025/08/16 17:32:24 🔍 [DLQ Categorize] Queue: game.dlq.unroutable.q
[GIN] 2025/08/16 - 17:32:24 | 200 |   15.157458ms |             ::1 | GET      "/api/dlq/list"
2025/08/16 17:32:24 📋 [DLQ] Queue game.dlq.expired.q: attempting to peek up to 1000 messages
2025/08/16 17:32:24 📊 [RabbitMQ-Go] Derived metrics: 6 queues, 2 total pending, 1 consumers
[GIN] 2025/08/16 - 17:32:24 | 200 |    2.962791ms |             ::1 | GET      "/api/rabbitmq/metrics"
2025/08/16 17:32:24 📋 [DLQ] Queue game.dlq.expired.q: retrieved 0 messages
2025/08/16 17:32:24 📋 [DLQ] Queue game.dlq.failed.q: attempting to peek up to 1000 messages
2025/08/16 17:32:24 📋 [DLQ] Queue game.dlq.failed.q: retrieved 0 messages
2025/08/16 17:32:24 📋 [DLQ] Queue game.dlq.retry.q: attempting to peek up to 1000 messages
2025/08/16 17:32:24 📋 [DLQ] Queue game.dlq.retry.q: retrieved 0 messages
2025/08/16 17:32:24 📋 [DLQ] Queue game.dlq.unroutable.q: attempting to peek up to 1000 messages
2025/08/16 17:32:24 📋 [DLQ] Queue game.dlq.unroutable.q: retrieved 2 messages
2025/08/16 17:32:24 🔍 [DLQ Categorize] Queue: game.dlq.unroutable.q
2025/08/16 17:32:24 🔍 [DLQ Categorize] Queue: game.dlq.unroutable.q
[GIN] 2025/08/16 - 17:32:24 | 200 |   11.418208ms |             ::1 | GET      "/api/dlq/list"
[GIN] 2025/08/16 - 17:32:25 | 200 |     325.458µs |             ::1 | GET      "/api/workers/status"
[GIN] 2025/08/16 - 17:32:25 | 200 |     394.416µs |             ::1 | GET      "/api/workers/status"
2025/08/16 17:32:25 📋 [DLQ] Queue game.dlq.expired.q: attempting to peek up to 1000 messages
[GIN] 2025/08/16 - 17:32:25 | 200 |    4.029333ms |             ::1 | GET      "/api/rabbitmq/queues"
[GIN] 2025/08/16 - 17:32:25 | 200 |    4.333792ms |             ::1 | GET      "/api/pending/list"
2025/08/16 17:32:25 📋 [DLQ] Queue game.dlq.expired.q: retrieved 0 messages
2025/08/16 17:32:25 📋 [DLQ] Queue game.dlq.failed.q: attempting to peek up to 1000 messages
2025/08/16 17:32:25 📋 [DLQ] Queue game.dlq.failed.q: retrieved 0 messages
2025/08/16 17:32:25 📋 [DLQ] Queue game.dlq.retry.q: attempting to peek up to 1000 messages
2025/08/16 17:32:25 📋 [DLQ] Queue game.dlq.retry.q: retrieved 0 messages
2025/08/16 17:32:25 📋 [DLQ] Queue game.dlq.unroutable.q: attempting to peek up to 1000 messages
2025/08/16 17:32:25 📋 [DLQ] Queue game.dlq.unroutable.q: retrieved 2 messages
2025/08/16 17:32:25 🔍 [DLQ Categorize] Queue: game.dlq.unroutable.q
2025/08/16 17:32:25 🔍 [DLQ Categorize] Queue: game.dlq.unroutable.q
[GIN] 2025/08/16 - 17:32:25 | 200 |   14.112625ms |             ::1 | GET      "/api/dlq/list"
2025/08/16 17:32:25 📋 [DLQ] Queue game.dlq.expired.q: attempting to peek up to 1000 messages
2025/08/16 17:32:25 📊 [RabbitMQ-Go] Derived metrics: 6 queues, 2 total pending, 1 consumers
[GIN] 2025/08/16 - 17:32:25 | 200 |    2.199542ms |             ::1 | GET      "/api/rabbitmq/metrics"
2025/08/16 17:32:25 📋 [DLQ] Queue game.dlq.expired.q: retrieved 0 messages
2025/08/16 17:32:25 📋 [DLQ] Queue game.dlq.failed.q: attempting to peek up to 1000 messages
2025/08/16 17:32:25 📋 [DLQ] Queue game.dlq.failed.q: retrieved 0 messages
2025/08/16 17:32:25 📋 [DLQ] Queue game.dlq.retry.q: attempting to peek up to 1000 messages
2025/08/16 17:32:25 📋 [DLQ] Queue game.dlq.retry.q: retrieved 0 messages
2025/08/16 17:32:25 📋 [DLQ] Queue game.dlq.unroutable.q: attempting to peek up to 1000 messages
2025/08/16 17:32:25 📋 [DLQ] Queue game.dlq.unroutable.q: retrieved 2 messages
2025/08/16 17:32:25 🔍 [DLQ Categorize] Queue: game.dlq.unroutable.q
2025/08/16 17:32:25 🔍 [DLQ Categorize] Queue: game.dlq.unroutable.q
[GIN] 2025/08/16 - 17:32:25 | 200 |    9.604833ms |             ::1 | GET      "/api/dlq/list"
2025/08/16 17:32:25 📊 [RabbitMQ-Go] Derived metrics: 6 queues, 2 total pending, 1 consumers
[GIN] 2025/08/16 - 17:32:25 | 200 |     755.333µs |             ::1 | GET      "/api/workers/status"
[GIN] 2025/08/16 - 17:32:25 | 200 |       373.5µs |             ::1 | GET      "/api/workers/status"
2025/08/16 17:32:25 📋 [DLQ] Queue game.dlq.expired.q: attempting to peek up to 1000 messages
[GIN] 2025/08/16 - 17:32:25 | 200 |    4.667792ms |             ::1 | GET      "/api/pending/list"
[GIN] 2025/08/16 - 17:32:25 | 200 |       4.979ms |             ::1 | GET      "/api/rabbitmq/queues"
2025/08/16 17:32:25 📋 [DLQ] Queue game.dlq.expired.q: retrieved 0 messages
2025/08/16 17:32:25 📋 [DLQ] Queue game.dlq.failed.q: attempting to peek up to 1000 messages
2025/08/16 17:32:25 📋 [DLQ] Queue game.dlq.failed.q: retrieved 0 messages
2025/08/16 17:32:25 📋 [DLQ] Queue game.dlq.retry.q: attempting to peek up to 1000 messages
2025/08/16 17:32:25 📋 [DLQ] Queue game.dlq.retry.q: retrieved 0 messages
2025/08/16 17:32:25 📋 [DLQ] Queue game.dlq.unroutable.q: attempting to peek up to 1000 messages
2025/08/16 17:32:25 📋 [DLQ] Queue game.dlq.unroutable.q: retrieved 2 messages
2025/08/16 17:32:25 🔍 [DLQ Categorize] Queue: game.dlq.unroutable.q
2025/08/16 17:32:25 🔍 [DLQ Categorize] Queue: game.dlq.unroutable.q
[GIN] 2025/08/16 - 17:32:25 | 200 |   14.697166ms |             ::1 | GET      "/api/dlq/list"
2025/08/16 17:32:25 📋 [DLQ] Queue game.dlq.expired.q: attempting to peek up to 1000 messages
2025/08/16 17:32:25 📊 [RabbitMQ-Go] Derived metrics: 6 queues, 2 total pending, 1 consumers
[GIN] 2025/08/16 - 17:32:25 | 200 |    2.241708ms |             ::1 | GET      "/api/rabbitmq/metrics"
2025/08/16 17:32:25 📋 [DLQ] Queue game.dlq.expired.q: retrieved 0 messages
2025/08/16 17:32:25 📋 [DLQ] Queue game.dlq.failed.q: attempting to peek up to 1000 messages
2025/08/16 17:32:25 📋 [DLQ] Queue game.dlq.failed.q: retrieved 0 messages
2025/08/16 17:32:25 📋 [DLQ] Queue game.dlq.retry.q: attempting to peek up to 1000 messages
2025/08/16 17:32:25 📋 [DLQ] Queue game.dlq.retry.q: retrieved 0 messages
2025/08/16 17:32:25 📋 [DLQ] Queue game.dlq.unroutable.q: attempting to peek up to 1000 messages
2025/08/16 17:32:25 📋 [DLQ] Queue game.dlq.unroutable.q: retrieved 2 messages
2025/08/16 17:32:25 🔍 [DLQ Categorize] Queue: game.dlq.unroutable.q
2025/08/16 17:32:25 🔍 [DLQ Categorize] Queue: game.dlq.unroutable.q
[GIN] 2025/08/16 - 17:32:25 | 200 |   11.885834ms |             ::1 | GET      "/api/dlq/list"
[GIN] 2025/08/16 - 17:32:26 | 200 |     205.417µs |             ::1 | GET      "/api/workers/status"
[GIN] 2025/08/16 - 17:32:26 | 200 |     156.667µs |             ::1 | GET      "/api/workers/status"
2025/08/16 17:32:26 📋 [DLQ] Queue game.dlq.expired.q: attempting to peek up to 1000 messages
[GIN] 2025/08/16 - 17:32:26 | 200 |    2.799083ms |             ::1 | GET      "/api/pending/list"
[GIN] 2025/08/16 - 17:32:26 | 200 |    2.899542ms |             ::1 | GET      "/api/rabbitmq/queues"
2025/08/16 17:32:26 📋 [DLQ] Queue game.dlq.expired.q: retrieved 0 messages
2025/08/16 17:32:26 📋 [DLQ] Queue game.dlq.failed.q: attempting to peek up to 1000 messages
2025/08/16 17:32:26 📋 [DLQ] Queue game.dlq.failed.q: retrieved 0 messages
2025/08/16 17:32:26 📋 [DLQ] Queue game.dlq.retry.q: attempting to peek up to 1000 messages
2025/08/16 17:32:26 📋 [DLQ] Queue game.dlq.retry.q: retrieved 0 messages
2025/08/16 17:32:26 📋 [DLQ] Queue game.dlq.unroutable.q: attempting to peek up to 1000 messages
2025/08/16 17:32:26 📋 [DLQ] Queue game.dlq.unroutable.q: retrieved 2 messages
2025/08/16 17:32:26 🔍 [DLQ Categorize] Queue: game.dlq.unroutable.q
2025/08/16 17:32:26 🔍 [DLQ Categorize] Queue: game.dlq.unroutable.q
[GIN] 2025/08/16 - 17:32:26 | 200 |    9.288167ms |             ::1 | GET      "/api/dlq/list"
2025/08/16 17:32:26 📋 [DLQ] Queue game.dlq.expired.q: attempting to peek up to 1000 messages
2025/08/16 17:32:26 📊 [RabbitMQ-Go] Derived metrics: 6 queues, 2 total pending, 1 consumers
[GIN] 2025/08/16 - 17:32:26 | 200 |     1.81425ms |             ::1 | GET      "/api/rabbitmq/metrics"
2025/08/16 17:32:26 📋 [DLQ] Queue game.dlq.expired.q: retrieved 0 messages
2025/08/16 17:32:26 📋 [DLQ] Queue game.dlq.failed.q: attempting to peek up to 1000 messages
2025/08/16 17:32:26 📋 [DLQ] Queue game.dlq.failed.q: retrieved 0 messages
2025/08/16 17:32:26 📋 [DLQ] Queue game.dlq.retry.q: attempting to peek up to 1000 messages
2025/08/16 17:32:26 📋 [DLQ] Queue game.dlq.retry.q: retrieved 0 messages
2025/08/16 17:32:26 📋 [DLQ] Queue game.dlq.unroutable.q: attempting to peek up to 1000 messages
2025/08/16 17:32:26 📋 [DLQ] Queue game.dlq.unroutable.q: retrieved 2 messages
2025/08/16 17:32:26 🔍 [DLQ Categorize] Queue: game.dlq.unroutable.q
2025/08/16 17:32:26 🔍 [DLQ Categorize] Queue: game.dlq.unroutable.q
[GIN] 2025/08/16 - 17:32:26 | 200 |    7.737042ms |             ::1 | GET      "/api/dlq/list"
[GIN] 2025/08/16 - 17:32:26 | 200 |     387.042µs |             ::1 | GET      "/api/workers/status"
[GIN] 2025/08/16 - 17:32:26 | 200 |     254.791µs |             ::1 | GET      "/api/workers/status"
2025/08/16 17:32:26 📋 [DLQ] Queue game.dlq.expired.q: attempting to peek up to 1000 messages
[GIN] 2025/08/16 - 17:32:26 | 200 |    2.074042ms |             ::1 | GET      "/api/pending/list"
[GIN] 2025/08/16 - 17:32:26 | 200 |    3.570417ms |             ::1 | GET      "/api/rabbitmq/queues"
2025/08/16 17:32:26 📋 [DLQ] Queue game.dlq.expired.q: retrieved 0 messages
2025/08/16 17:32:26 📋 [DLQ] Queue game.dlq.failed.q: attempting to peek up to 1000 messages
2025/08/16 17:32:26 📋 [DLQ] Queue game.dlq.failed.q: retrieved 0 messages
2025/08/16 17:32:26 📋 [DLQ] Queue game.dlq.retry.q: attempting to peek up to 1000 messages
2025/08/16 17:32:26 📋 [DLQ] Queue game.dlq.retry.q: retrieved 0 messages
2025/08/16 17:32:26 📋 [DLQ] Queue game.dlq.unroutable.q: attempting to peek up to 1000 messages
2025/08/16 17:32:26 📋 [DLQ] Queue game.dlq.unroutable.q: retrieved 2 messages
2025/08/16 17:32:26 🔍 [DLQ Categorize] Queue: game.dlq.unroutable.q
2025/08/16 17:32:26 🔍 [DLQ Categorize] Queue: game.dlq.unroutable.q
[GIN] 2025/08/16 - 17:32:26 | 200 |   10.478042ms |             ::1 | GET      "/api/dlq/list"
2025/08/16 17:32:26 📋 [DLQ] Queue game.dlq.expired.q: attempting to peek up to 1000 messages
2025/08/16 17:32:26 📊 [RabbitMQ-Go] Derived metrics: 6 queues, 2 total pending, 1 consumers
[GIN] 2025/08/16 - 17:32:26 | 200 |    2.535375ms |             ::1 | GET      "/api/rabbitmq/metrics"
2025/08/16 17:32:26 📋 [DLQ] Queue game.dlq.expired.q: retrieved 0 messages
2025/08/16 17:32:26 📋 [DLQ] Queue game.dlq.failed.q: attempting to peek up to 1000 messages
2025/08/16 17:32:26 📋 [DLQ] Queue game.dlq.failed.q: retrieved 0 messages
2025/08/16 17:32:26 📋 [DLQ] Queue game.dlq.retry.q: attempting to peek up to 1000 messages
2025/08/16 17:32:26 📋 [DLQ] Queue game.dlq.retry.q: retrieved 0 messages
2025/08/16 17:32:26 📋 [DLQ] Queue game.dlq.unroutable.q: attempting to peek up to 1000 messages
2025/08/16 17:32:26 📋 [DLQ] Queue game.dlq.unroutable.q: retrieved 2 messages
2025/08/16 17:32:26 🔍 [DLQ Categorize] Queue: game.dlq.unroutable.q
2025/08/16 17:32:26 🔍 [DLQ Categorize] Queue: game.dlq.unroutable.q
[GIN] 2025/08/16 - 17:32:26 | 200 |    8.826875ms |             ::1 | GET      "/api/dlq/list"
[GIN] 2025/08/16 - 17:32:27 | 200 |     342.083µs |             ::1 | GET      "/api/workers/status"
[GIN] 2025/08/16 - 17:32:27 | 200 |     202.791µs |             ::1 | GET      "/api/workers/status"
2025/08/16 17:32:27 📋 [DLQ] Queue game.dlq.expired.q: attempting to peek up to 1000 messages
[GIN] 2025/08/16 - 17:32:27 | 200 |    2.961875ms |             ::1 | GET      "/api/pending/list"
[GIN] 2025/08/16 - 17:32:27 | 200 |     4.43825ms |             ::1 | GET      "/api/rabbitmq/queues"
2025/08/16 17:32:27 📋 [DLQ] Queue game.dlq.expired.q: retrieved 0 messages
2025/08/16 17:32:27 📋 [DLQ] Queue game.dlq.failed.q: attempting to peek up to 1000 messages
2025/08/16 17:32:27 📋 [DLQ] Queue game.dlq.failed.q: retrieved 0 messages
2025/08/16 17:32:27 📋 [DLQ] Queue game.dlq.retry.q: attempting to peek up to 1000 messages
2025/08/16 17:32:27 📋 [DLQ] Queue game.dlq.retry.q: retrieved 0 messages
2025/08/16 17:32:27 📋 [DLQ] Queue game.dlq.unroutable.q: attempting to peek up to 1000 messages
2025/08/16 17:32:27 📋 [DLQ] Queue game.dlq.unroutable.q: retrieved 2 messages
2025/08/16 17:32:27 🔍 [DLQ Categorize] Queue: game.dlq.unroutable.q
2025/08/16 17:32:27 🔍 [DLQ Categorize] Queue: game.dlq.unroutable.q
[GIN] 2025/08/16 - 17:32:27 | 200 |   14.717167ms |             ::1 | GET      "/api/dlq/list"
2025/08/16 17:32:27 📋 [DLQ] Queue game.dlq.expired.q: attempting to peek up to 1000 messages
2025/08/16 17:32:27 📊 [RabbitMQ-Go] Derived metrics: 6 queues, 2 total pending, 1 consumers
[GIN] 2025/08/16 - 17:32:27 | 200 |    2.471542ms |             ::1 | GET      "/api/rabbitmq/metrics"
2025/08/16 17:32:27 📋 [DLQ] Queue game.dlq.expired.q: retrieved 0 messages
2025/08/16 17:32:27 📋 [DLQ] Queue game.dlq.failed.q: attempting to peek up to 1000 messages
2025/08/16 17:32:27 📋 [DLQ] Queue game.dlq.failed.q: retrieved 0 messages
2025/08/16 17:32:27 📋 [DLQ] Queue game.dlq.retry.q: attempting to peek up to 1000 messages
2025/08/16 17:32:27 📋 [DLQ] Queue game.dlq.retry.q: retrieved 0 messages
2025/08/16 17:32:27 📋 [DLQ] Queue game.dlq.unroutable.q: attempting to peek up to 1000 messages
2025/08/16 17:32:27 📋 [DLQ] Queue game.dlq.unroutable.q: retrieved 2 messages
2025/08/16 17:32:27 🔍 [DLQ Categorize] Queue: game.dlq.unroutable.q
2025/08/16 17:32:27 🔍 [DLQ Categorize] Queue: game.dlq.unroutable.q
[GIN] 2025/08/16 - 17:32:27 | 200 |   10.395833ms |             ::1 | GET      "/api/dlq/list"
2025/08/16 17:32:27 📊 [RabbitMQ-Go] Derived metrics: 6 queues, 2 total pending, 1 consumers
[GIN] 2025/08/16 - 17:32:27 | 200 |      558.25µs |             ::1 | GET      "/api/workers/status"
[GIN] 2025/08/16 - 17:32:27 | 200 |     215.375µs |             ::1 | GET      "/api/workers/status"
2025/08/16 17:32:27 📋 [DLQ] Queue game.dlq.expired.q: attempting to peek up to 1000 messages
[GIN] 2025/08/16 - 17:32:27 | 200 |    3.928709ms |             ::1 | GET      "/api/pending/list"
[GIN] 2025/08/16 - 17:32:27 | 200 |    5.908584ms |             ::1 | GET      "/api/rabbitmq/queues"
2025/08/16 17:32:27 📋 [DLQ] Queue game.dlq.expired.q: retrieved 0 messages
2025/08/16 17:32:27 📋 [DLQ] Queue game.dlq.failed.q: attempting to peek up to 1000 messages
2025/08/16 17:32:27 📋 [DLQ] Queue game.dlq.failed.q: retrieved 0 messages
2025/08/16 17:32:27 📋 [DLQ] Queue game.dlq.retry.q: attempting to peek up to 1000 messages
2025/08/16 17:32:27 📋 [DLQ] Queue game.dlq.retry.q: retrieved 0 messages
2025/08/16 17:32:27 📋 [DLQ] Queue game.dlq.unroutable.q: attempting to peek up to 1000 messages
2025/08/16 17:32:27 📋 [DLQ] Queue game.dlq.unroutable.q: retrieved 2 messages
2025/08/16 17:32:27 🔍 [DLQ Categorize] Queue: game.dlq.unroutable.q
2025/08/16 17:32:27 🔍 [DLQ Categorize] Queue: game.dlq.unroutable.q
[GIN] 2025/08/16 - 17:32:27 | 200 |   16.917667ms |             ::1 | GET      "/api/dlq/list"
2025/08/16 17:32:27 📋 [DLQ] Queue game.dlq.expired.q: attempting to peek up to 1000 messages
2025/08/16 17:32:27 📊 [RabbitMQ-Go] Derived metrics: 6 queues, 2 total pending, 1 consumers
[GIN] 2025/08/16 - 17:32:27 | 200 |    2.794959ms |             ::1 | GET      "/api/rabbitmq/metrics"
2025/08/16 17:32:27 📋 [DLQ] Queue game.dlq.expired.q: retrieved 0 messages
2025/08/16 17:32:27 📋 [DLQ] Queue game.dlq.failed.q: attempting to peek up to 1000 messages
2025/08/16 17:32:27 📋 [DLQ] Queue game.dlq.failed.q: retrieved 0 messages
2025/08/16 17:32:27 📋 [DLQ] Queue game.dlq.retry.q: attempting to peek up to 1000 messages
2025/08/16 17:32:27 📋 [DLQ] Queue game.dlq.retry.q: retrieved 0 messages
2025/08/16 17:32:27 📋 [DLQ] Queue game.dlq.unroutable.q: attempting to peek up to 1000 messages
2025/08/16 17:32:27 📋 [DLQ] Queue game.dlq.unroutable.q: retrieved 2 messages
2025/08/16 17:32:27 🔍 [DLQ Categorize] Queue: game.dlq.unroutable.q
2025/08/16 17:32:27 🔍 [DLQ Categorize] Queue: game.dlq.unroutable.q
[GIN] 2025/08/16 - 17:32:27 | 200 |     11.4585ms |             ::1 | GET      "/api/dlq/list"
[GIN] 2025/08/16 - 17:32:28 | 200 |     526.875µs |             ::1 | GET      "/api/workers/status"
[GIN] 2025/08/16 - 17:32:28 | 200 |     472.959µs |             ::1 | GET      "/api/workers/status"
2025/08/16 17:32:28 📋 [DLQ] Queue game.dlq.expired.q: attempting to peek up to 1000 messages
[GIN] 2025/08/16 - 17:32:28 | 200 |    4.561042ms |             ::1 | GET      "/api/pending/list"
[GIN] 2025/08/16 - 17:32:28 | 200 |    5.614583ms |             ::1 | GET      "/api/rabbitmq/queues"
2025/08/16 17:32:28 📋 [DLQ] Queue game.dlq.expired.q: retrieved 0 messages
2025/08/16 17:32:28 📋 [DLQ] Queue game.dlq.failed.q: attempting to peek up to 1000 messages
2025/08/16 17:32:28 📋 [DLQ] Queue game.dlq.failed.q: retrieved 0 messages
2025/08/16 17:32:28 📋 [DLQ] Queue game.dlq.retry.q: attempting to peek up to 1000 messages
2025/08/16 17:32:28 📋 [DLQ] Queue game.dlq.retry.q: retrieved 0 messages
2025/08/16 17:32:28 📋 [DLQ] Queue game.dlq.unroutable.q: attempting to peek up to 1000 messages
2025/08/16 17:32:28 📋 [DLQ] Queue game.dlq.unroutable.q: retrieved 2 messages
2025/08/16 17:32:28 🔍 [DLQ Categorize] Queue: game.dlq.unroutable.q
2025/08/16 17:32:28 🔍 [DLQ Categorize] Queue: game.dlq.unroutable.q
[GIN] 2025/08/16 - 17:32:28 | 200 |   16.311041ms |             ::1 | GET      "/api/dlq/list"
2025/08/16 17:32:28 📋 [DLQ] Queue game.dlq.expired.q: attempting to peek up to 1000 messages
2025/08/16 17:32:28 📊 [RabbitMQ-Go] Derived metrics: 6 queues, 2 total pending, 1 consumers
[GIN] 2025/08/16 - 17:32:28 | 200 |    3.065625ms |             ::1 | GET      "/api/rabbitmq/metrics"
2025/08/16 17:32:28 📋 [DLQ] Queue game.dlq.expired.q: retrieved 0 messages
2025/08/16 17:32:28 📋 [DLQ] Queue game.dlq.failed.q: attempting to peek up to 1000 messages
2025/08/16 17:32:28 📋 [DLQ] Queue game.dlq.failed.q: retrieved 0 messages
2025/08/16 17:32:28 📋 [DLQ] Queue game.dlq.retry.q: attempting to peek up to 1000 messages
2025/08/16 17:32:28 📋 [DLQ] Queue game.dlq.retry.q: retrieved 0 messages
2025/08/16 17:32:28 📋 [DLQ] Queue game.dlq.unroutable.q: attempting to peek up to 1000 messages
2025/08/16 17:32:28 📋 [DLQ] Queue game.dlq.unroutable.q: retrieved 2 messages
2025/08/16 17:32:28 🔍 [DLQ Categorize] Queue: game.dlq.unroutable.q
2025/08/16 17:32:28 🔍 [DLQ Categorize] Queue: game.dlq.unroutable.q
[GIN] 2025/08/16 - 17:32:28 | 200 |   12.353208ms |             ::1 | GET      "/api/dlq/list"
[GIN] 2025/08/16 - 17:32:28 | 200 |     360.292µs |             ::1 | GET      "/api/workers/status"
[GIN] 2025/08/16 - 17:32:28 | 200 |     470.375µs |             ::1 | GET      "/api/workers/status"
2025/08/16 17:32:28 📋 [DLQ] Queue game.dlq.expired.q: attempting to peek up to 1000 messages
[GIN] 2025/08/16 - 17:32:28 | 200 |    3.778958ms |             ::1 | GET      "/api/rabbitmq/queues"
[GIN] 2025/08/16 - 17:32:28 | 200 |     5.80025ms |             ::1 | GET      "/api/pending/list"
2025/08/16 17:32:28 📋 [DLQ] Queue game.dlq.expired.q: retrieved 0 messages
2025/08/16 17:32:28 📋 [DLQ] Queue game.dlq.failed.q: attempting to peek up to 1000 messages
2025/08/16 17:32:28 📋 [DLQ] Queue game.dlq.failed.q: retrieved 0 messages
2025/08/16 17:32:28 📋 [DLQ] Queue game.dlq.retry.q: attempting to peek up to 1000 messages
2025/08/16 17:32:28 📋 [DLQ] Queue game.dlq.retry.q: retrieved 0 messages
2025/08/16 17:32:28 📋 [DLQ] Queue game.dlq.unroutable.q: attempting to peek up to 1000 messages
2025/08/16 17:32:28 📋 [DLQ] Queue game.dlq.unroutable.q: retrieved 2 messages
2025/08/16 17:32:28 🔍 [DLQ Categorize] Queue: game.dlq.unroutable.q
2025/08/16 17:32:28 🔍 [DLQ Categorize] Queue: game.dlq.unroutable.q
[GIN] 2025/08/16 - 17:32:28 | 200 |      16.735ms |             ::1 | GET      "/api/dlq/list"
2025/08/16 17:32:28 📋 [DLQ] Queue game.dlq.expired.q: attempting to peek up to 1000 messages
2025/08/16 17:32:28 📊 [RabbitMQ-Go] Derived metrics: 6 queues, 2 total pending, 1 consumers
[GIN] 2025/08/16 - 17:32:28 | 200 |      2.8005ms |             ::1 | GET      "/api/rabbitmq/metrics"
2025/08/16 17:32:28 📋 [DLQ] Queue game.dlq.expired.q: retrieved 0 messages
2025/08/16 17:32:28 📋 [DLQ] Queue game.dlq.failed.q: attempting to peek up to 1000 messages
2025/08/16 17:32:28 📋 [DLQ] Queue game.dlq.failed.q: retrieved 0 messages
2025/08/16 17:32:28 📋 [DLQ] Queue game.dlq.retry.q: attempting to peek up to 1000 messages
2025/08/16 17:32:28 📋 [DLQ] Queue game.dlq.retry.q: retrieved 0 messages
2025/08/16 17:32:28 📋 [DLQ] Queue game.dlq.unroutable.q: attempting to peek up to 1000 messages
2025/08/16 17:32:28 📋 [DLQ] Queue game.dlq.unroutable.q: retrieved 2 messages
2025/08/16 17:32:28 🔍 [DLQ Categorize] Queue: game.dlq.unroutable.q
2025/08/16 17:32:28 🔍 [DLQ Categorize] Queue: game.dlq.unroutable.q
[GIN] 2025/08/16 - 17:32:28 | 200 |   11.370416ms |             ::1 | GET      "/api/dlq/list"
[GIN] 2025/08/16 - 17:32:29 | 200 |     545.959µs |             ::1 | GET      "/api/workers/status"
[GIN] 2025/08/16 - 17:32:29 | 200 |     322.625µs |             ::1 | GET      "/api/workers/status"
2025/08/16 17:32:29 📋 [DLQ] Queue game.dlq.expired.q: attempting to peek up to 1000 messages
[GIN] 2025/08/16 - 17:32:29 | 200 |    3.598334ms |             ::1 | GET      "/api/pending/list"
[GIN] 2025/08/16 - 17:32:29 | 200 |    6.125625ms |             ::1 | GET      "/api/rabbitmq/queues"
2025/08/16 17:32:29 📋 [DLQ] Queue game.dlq.expired.q: retrieved 0 messages
2025/08/16 17:32:29 📋 [DLQ] Queue game.dlq.failed.q: attempting to peek up to 1000 messages
2025/08/16 17:32:29 📋 [DLQ] Queue game.dlq.failed.q: retrieved 0 messages
2025/08/16 17:32:29 📋 [DLQ] Queue game.dlq.retry.q: attempting to peek up to 1000 messages
2025/08/16 17:32:29 📋 [DLQ] Queue game.dlq.retry.q: retrieved 0 messages
2025/08/16 17:32:29 📋 [DLQ] Queue game.dlq.unroutable.q: attempting to peek up to 1000 messages
2025/08/16 17:32:29 📋 [DLQ] Queue game.dlq.unroutable.q: retrieved 2 messages
2025/08/16 17:32:29 🔍 [DLQ Categorize] Queue: game.dlq.unroutable.q
2025/08/16 17:32:29 🔍 [DLQ Categorize] Queue: game.dlq.unroutable.q
[GIN] 2025/08/16 - 17:32:29 | 200 |   17.885959ms |             ::1 | GET      "/api/dlq/list"
2025/08/16 17:32:29 📋 [DLQ] Queue game.dlq.expired.q: attempting to peek up to 1000 messages
2025/08/16 17:32:29 📊 [RabbitMQ-Go] Derived metrics: 6 queues, 2 total pending, 1 consumers
[GIN] 2025/08/16 - 17:32:29 | 200 |    2.647333ms |             ::1 | GET      "/api/rabbitmq/metrics"
2025/08/16 17:32:29 📋 [DLQ] Queue game.dlq.expired.q: retrieved 0 messages
2025/08/16 17:32:29 📋 [DLQ] Queue game.dlq.failed.q: attempting to peek up to 1000 messages
2025/08/16 17:32:29 📋 [DLQ] Queue game.dlq.failed.q: retrieved 0 messages
2025/08/16 17:32:29 📋 [DLQ] Queue game.dlq.retry.q: attempting to peek up to 1000 messages
2025/08/16 17:32:29 📋 [DLQ] Queue game.dlq.retry.q: retrieved 0 messages
2025/08/16 17:32:29 📋 [DLQ] Queue game.dlq.unroutable.q: attempting to peek up to 1000 messages
2025/08/16 17:32:29 📋 [DLQ] Queue game.dlq.unroutable.q: retrieved 2 messages
2025/08/16 17:32:29 🔍 [DLQ Categorize] Queue: game.dlq.unroutable.q
2025/08/16 17:32:29 🔍 [DLQ Categorize] Queue: game.dlq.unroutable.q
[GIN] 2025/08/16 - 17:32:29 | 200 |     11.7915ms |             ::1 | GET      "/api/dlq/list"
2025/08/16 17:32:29 📊 [RabbitMQ-Go] Derived metrics: 6 queues, 2 total pending, 1 consumers
[GIN] 2025/08/16 - 17:32:29 | 200 |     381.542µs |             ::1 | GET      "/api/workers/status"
[GIN] 2025/08/16 - 17:32:29 | 200 |       409.5µs |             ::1 | GET      "/api/workers/status"
[GIN] 2025/08/16 - 17:32:29 | 200 |    4.020709ms |             ::1 | GET      "/api/pending/list"
2025/08/16 17:32:29 📋 [DLQ] Queue game.dlq.expired.q: attempting to peek up to 1000 messages
[GIN] 2025/08/16 - 17:32:29 | 200 |    5.127791ms |             ::1 | GET      "/api/rabbitmq/queues"
2025/08/16 17:32:29 📋 [DLQ] Queue game.dlq.expired.q: retrieved 0 messages
2025/08/16 17:32:29 📋 [DLQ] Queue game.dlq.failed.q: attempting to peek up to 1000 messages
2025/08/16 17:32:29 📋 [DLQ] Queue game.dlq.failed.q: retrieved 0 messages
2025/08/16 17:32:29 📋 [DLQ] Queue game.dlq.retry.q: attempting to peek up to 1000 messages
2025/08/16 17:32:29 📋 [DLQ] Queue game.dlq.retry.q: retrieved 0 messages
2025/08/16 17:32:29 📋 [DLQ] Queue game.dlq.unroutable.q: attempting to peek up to 1000 messages
2025/08/16 17:32:29 📋 [DLQ] Queue game.dlq.unroutable.q: retrieved 2 messages
2025/08/16 17:32:29 🔍 [DLQ Categorize] Queue: game.dlq.unroutable.q
2025/08/16 17:32:29 🔍 [DLQ Categorize] Queue: game.dlq.unroutable.q
[GIN] 2025/08/16 - 17:32:29 | 200 |   16.250292ms |             ::1 | GET      "/api/dlq/list"
2025/08/16 17:32:29 📋 [DLQ] Queue game.dlq.expired.q: attempting to peek up to 1000 messages
2025/08/16 17:32:29 📊 [RabbitMQ-Go] Derived metrics: 6 queues, 2 total pending, 1 consumers
[GIN] 2025/08/16 - 17:32:29 | 200 |    2.777375ms |             ::1 | GET      "/api/rabbitmq/metrics"
2025/08/16 17:32:29 📋 [DLQ] Queue game.dlq.expired.q: retrieved 0 messages
2025/08/16 17:32:29 📋 [DLQ] Queue game.dlq.failed.q: attempting to peek up to 1000 messages
2025/08/16 17:32:29 📋 [DLQ] Queue game.dlq.failed.q: retrieved 0 messages
2025/08/16 17:32:29 📋 [DLQ] Queue game.dlq.retry.q: attempting to peek up to 1000 messages
2025/08/16 17:32:29 📋 [DLQ] Queue game.dlq.retry.q: retrieved 0 messages
2025/08/16 17:32:29 📋 [DLQ] Queue game.dlq.unroutable.q: attempting to peek up to 1000 messages
2025/08/16 17:32:29 📋 [DLQ] Queue game.dlq.unroutable.q: retrieved 2 messages
2025/08/16 17:32:29 🔍 [DLQ Categorize] Queue: game.dlq.unroutable.q
2025/08/16 17:32:29 🔍 [DLQ Categorize] Queue: game.dlq.unroutable.q
[GIN] 2025/08/16 - 17:32:29 | 200 |   12.358833ms |             ::1 | GET      "/api/dlq/list"
[GIN] 2025/08/16 - 17:32:30 | 200 |     425.917µs |             ::1 | GET      "/api/workers/status"
[GIN] 2025/08/16 - 17:32:30 | 200 |       439.5µs |             ::1 | GET      "/api/workers/status"
2025/08/16 17:32:30 📋 [DLQ] Queue game.dlq.expired.q: attempting to peek up to 1000 messages
[GIN] 2025/08/16 - 17:32:30 | 200 |    5.260458ms |             ::1 | GET      "/api/pending/list"
[GIN] 2025/08/16 - 17:32:30 | 200 |    5.232667ms |             ::1 | GET      "/api/rabbitmq/queues"
2025/08/16 17:32:30 📋 [DLQ] Queue game.dlq.expired.q: retrieved 0 messages
2025/08/16 17:32:30 📋 [DLQ] Queue game.dlq.failed.q: attempting to peek up to 1000 messages
2025/08/16 17:32:30 📋 [DLQ] Queue game.dlq.failed.q: retrieved 0 messages
2025/08/16 17:32:30 📋 [DLQ] Queue game.dlq.retry.q: attempting to peek up to 1000 messages
2025/08/16 17:32:30 📋 [DLQ] Queue game.dlq.retry.q: retrieved 0 messages
2025/08/16 17:32:30 📋 [DLQ] Queue game.dlq.unroutable.q: attempting to peek up to 1000 messages
2025/08/16 17:32:30 📋 [DLQ] Queue game.dlq.unroutable.q: retrieved 2 messages
2025/08/16 17:32:30 🔍 [DLQ Categorize] Queue: game.dlq.unroutable.q
2025/08/16 17:32:30 🔍 [DLQ Categorize] Queue: game.dlq.unroutable.q
[GIN] 2025/08/16 - 17:32:30 | 200 |   16.251875ms |             ::1 | GET      "/api/dlq/list"
2025/08/16 17:32:30 📋 [DLQ] Queue game.dlq.expired.q: attempting to peek up to 1000 messages
2025/08/16 17:32:30 📊 [RabbitMQ-Go] Derived metrics: 6 queues, 2 total pending, 1 consumers
[GIN] 2025/08/16 - 17:32:30 | 200 |    2.459125ms |             ::1 | GET      "/api/rabbitmq/metrics"
2025/08/16 17:32:30 📋 [DLQ] Queue game.dlq.expired.q: retrieved 0 messages
2025/08/16 17:32:30 📋 [DLQ] Queue game.dlq.failed.q: attempting to peek up to 1000 messages
2025/08/16 17:32:30 📋 [DLQ] Queue game.dlq.failed.q: retrieved 0 messages
2025/08/16 17:32:30 📋 [DLQ] Queue game.dlq.retry.q: attempting to peek up to 1000 messages
2025/08/16 17:32:30 📋 [DLQ] Queue game.dlq.retry.q: retrieved 0 messages
2025/08/16 17:32:30 📋 [DLQ] Queue game.dlq.unroutable.q: attempting to peek up to 1000 messages
2025/08/16 17:32:30 📋 [DLQ] Queue game.dlq.unroutable.q: retrieved 2 messages
2025/08/16 17:32:30 🔍 [DLQ Categorize] Queue: game.dlq.unroutable.q
2025/08/16 17:32:30 🔍 [DLQ Categorize] Queue: game.dlq.unroutable.q
[GIN] 2025/08/16 - 17:32:30 | 200 |   10.483166ms |             ::1 | GET      "/api/dlq/list"
[GIN] 2025/08/16 - 17:32:30 | 200 |     303.833µs |             ::1 | GET      "/api/workers/status"
[GIN] 2025/08/16 - 17:32:30 | 200 |     283.375µs |             ::1 | GET      "/api/workers/status"
[GIN] 2025/08/16 - 17:32:30 | 200 |    3.907625ms |             ::1 | GET      "/api/rabbitmq/queues"
[GIN] 2025/08/16 - 17:32:30 | 200 |    4.409208ms |             ::1 | GET      "/api/pending/list"
2025/08/16 17:32:30 📋 [DLQ] Queue game.dlq.expired.q: attempting to peek up to 1000 messages
2025/08/16 17:32:30 📋 [DLQ] Queue game.dlq.expired.q: retrieved 0 messages
2025/08/16 17:32:30 📋 [DLQ] Queue game.dlq.failed.q: attempting to peek up to 1000 messages
2025/08/16 17:32:30 📋 [DLQ] Queue game.dlq.failed.q: retrieved 0 messages
2025/08/16 17:32:30 📋 [DLQ] Queue game.dlq.retry.q: attempting to peek up to 1000 messages
2025/08/16 17:32:30 📋 [DLQ] Queue game.dlq.retry.q: retrieved 0 messages
2025/08/16 17:32:30 📋 [DLQ] Queue game.dlq.unroutable.q: attempting to peek up to 1000 messages
2025/08/16 17:32:30 📋 [DLQ] Queue game.dlq.unroutable.q: retrieved 2 messages
2025/08/16 17:32:30 🔍 [DLQ Categorize] Queue: game.dlq.unroutable.q
2025/08/16 17:32:30 🔍 [DLQ Categorize] Queue: game.dlq.unroutable.q
[GIN] 2025/08/16 - 17:32:30 | 200 |   14.490125ms |             ::1 | GET      "/api/dlq/list"
2025/08/16 17:32:30 📋 [DLQ] Queue game.dlq.expired.q: attempting to peek up to 1000 messages
2025/08/16 17:32:30 📊 [RabbitMQ-Go] Derived metrics: 6 queues, 2 total pending, 1 consumers
[GIN] 2025/08/16 - 17:32:30 | 200 |    2.628333ms |             ::1 | GET      "/api/rabbitmq/metrics"
2025/08/16 17:32:30 📋 [DLQ] Queue game.dlq.expired.q: retrieved 0 messages
2025/08/16 17:32:30 📋 [DLQ] Queue game.dlq.failed.q: attempting to peek up to 1000 messages
2025/08/16 17:32:30 📋 [DLQ] Queue game.dlq.failed.q: retrieved 0 messages
2025/08/16 17:32:30 📋 [DLQ] Queue game.dlq.retry.q: attempting to peek up to 1000 messages
2025/08/16 17:32:30 📋 [DLQ] Queue game.dlq.retry.q: retrieved 0 messages
2025/08/16 17:32:30 📋 [DLQ] Queue game.dlq.unroutable.q: attempting to peek up to 1000 messages
2025/08/16 17:32:30 📋 [DLQ] Queue game.dlq.unroutable.q: retrieved 2 messages
2025/08/16 17:32:30 🔍 [DLQ Categorize] Queue: game.dlq.unroutable.q
2025/08/16 17:32:30 🔍 [DLQ Categorize] Queue: game.dlq.unroutable.q
[GIN] 2025/08/16 - 17:32:30 | 200 |   11.823125ms |             ::1 | GET      "/api/dlq/list"
[GIN] 2025/08/16 - 17:32:31 | 200 |     245.666µs |             ::1 | GET      "/api/workers/status"
[GIN] 2025/08/16 - 17:32:31 | 200 |    1.591375ms |             ::1 | GET      "/api/pending/list"
[GIN] 2025/08/16 - 17:32:31 | 200 |     275.375µs |             ::1 | GET      "/api/workers/status"
2025/08/16 17:32:31 📋 [DLQ] Queue game.dlq.expired.q: attempting to peek up to 1000 messages
[GIN] 2025/08/16 - 17:32:31 | 200 |    4.403042ms |             ::1 | GET      "/api/rabbitmq/queues"
2025/08/16 17:32:31 📋 [DLQ] Queue game.dlq.expired.q: retrieved 0 messages
2025/08/16 17:32:31 📋 [DLQ] Queue game.dlq.failed.q: attempting to peek up to 1000 messages
2025/08/16 17:32:31 📋 [DLQ] Queue game.dlq.failed.q: retrieved 0 messages
2025/08/16 17:32:31 📋 [DLQ] Queue game.dlq.retry.q: attempting to peek up to 1000 messages
2025/08/16 17:32:31 📋 [DLQ] Queue game.dlq.retry.q: retrieved 0 messages
2025/08/16 17:32:31 📋 [DLQ] Queue game.dlq.unroutable.q: attempting to peek up to 1000 messages
2025/08/16 17:32:31 📋 [DLQ] Queue game.dlq.unroutable.q: retrieved 2 messages
2025/08/16 17:32:31 🔍 [DLQ Categorize] Queue: game.dlq.unroutable.q
2025/08/16 17:32:31 🔍 [DLQ Categorize] Queue: game.dlq.unroutable.q
[GIN] 2025/08/16 - 17:32:31 | 200 |   14.264458ms |             ::1 | GET      "/api/dlq/list"
2025/08/16 17:32:31 📋 [DLQ] Queue game.dlq.expired.q: attempting to peek up to 1000 messages
2025/08/16 17:32:31 📋 [DLQ] Queue game.dlq.expired.q: retrieved 0 messages
2025/08/16 17:32:31 📋 [DLQ] Queue game.dlq.failed.q: attempting to peek up to 1000 messages
2025/08/16 17:32:31 📊 [RabbitMQ-Go] Derived metrics: 6 queues, 2 total pending, 1 consumers
[GIN] 2025/08/16 - 17:32:31 | 200 |    3.472125ms |             ::1 | GET      "/api/rabbitmq/metrics"
2025/08/16 17:32:31 📋 [DLQ] Queue game.dlq.failed.q: retrieved 0 messages
2025/08/16 17:32:31 📋 [DLQ] Queue game.dlq.retry.q: attempting to peek up to 1000 messages
2025/08/16 17:32:31 📋 [DLQ] Queue game.dlq.retry.q: retrieved 0 messages
2025/08/16 17:32:31 📋 [DLQ] Queue game.dlq.unroutable.q: attempting to peek up to 1000 messages
2025/08/16 17:32:31 📋 [DLQ] Queue game.dlq.unroutable.q: retrieved 2 messages
2025/08/16 17:32:31 🔍 [DLQ Categorize] Queue: game.dlq.unroutable.q
2025/08/16 17:32:31 🔍 [DLQ Categorize] Queue: game.dlq.unroutable.q
[GIN] 2025/08/16 - 17:32:31 | 200 |   11.775709ms |             ::1 | GET      "/api/dlq/list"
2025/08/16 17:32:31 📊 [RabbitMQ-Go] Derived metrics: 6 queues, 2 total pending, 1 consumers
[GIN] 2025/08/16 - 17:32:31 | 304 |     289.084µs |             ::1 | GET      "/"
2025/08/16 17:32:31 🔌 [WebSocket] Client disconnected (total: 0)
2025/08/16 17:32:31 🔗 [WebSocket] Client connected (total: 1)
[GIN] 2025/08/16 - 17:32:31 | 200 |      54.417µs |             ::1 | GET      "/ws"
[GIN] 2025/08/16 - 17:32:31 | 200 |      20.916µs |             ::1 | GET      "/api/chaos/status"
[GIN] 2025/08/16 - 17:32:31 | 200 |       4.541µs |             ::1 | GET      "/api/cardgame/enabled"
[GIN] 2025/08/16 - 17:32:32 | 200 |      239.25µs |             ::1 | GET      "/api/workers/status"
[GIN] 2025/08/16 - 17:32:32 | 200 |     347.666µs |             ::1 | GET      "/api/workers/status"
2025/08/16 17:32:32 📋 [DLQ] Queue game.dlq.expired.q: attempting to peek up to 1000 messages
[GIN] 2025/08/16 - 17:32:32 | 200 |     171.375µs |             ::1 | GET      "/api/workers/status"
[GIN] 2025/08/16 - 17:32:32 | 200 |      231.25µs |             ::1 | GET      "/api/workers/status"
[GIN] 2025/08/16 - 17:32:32 | 200 |    3.807125ms |             ::1 | GET      "/api/pending/list"
[GIN] 2025/08/16 - 17:32:32 | 200 |    3.608458ms |             ::1 | GET      "/api/rabbitmq/queues"
2025/08/16 17:32:32 📊 [RabbitMQ-Go] Derived metrics: 6 queues, 2 total pending, 1 consumers
[GIN] 2025/08/16 - 17:32:32 | 200 |    5.864833ms |             ::1 | GET      "/api/rabbitmq/metrics"
[GIN] 2025/08/16 - 17:32:32 | 200 |    2.495875ms |             ::1 | GET      "/api/pending/list"
[GIN] 2025/08/16 - 17:32:32 | 200 |    2.729917ms |             ::1 | GET      "/api/rabbitmq/queues"
2025/08/16 17:32:32 📋 [DLQ] Queue game.dlq.expired.q: retrieved 0 messages
2025/08/16 17:32:32 📋 [DLQ] Queue game.dlq.failed.q: attempting to peek up to 1000 messages
2025/08/16 17:32:32 📋 [DLQ] Queue game.dlq.failed.q: retrieved 0 messages
2025/08/16 17:32:32 📋 [DLQ] Queue game.dlq.retry.q: attempting to peek up to 1000 messages
2025/08/16 17:32:32 📋 [DLQ] Queue game.dlq.retry.q: retrieved 0 messages
2025/08/16 17:32:32 📋 [DLQ] Queue game.dlq.unroutable.q: attempting to peek up to 1000 messages
2025/08/16 17:32:32 📋 [DLQ] Queue game.dlq.unroutable.q: retrieved 2 messages
2025/08/16 17:32:32 🔍 [DLQ Categorize] Queue: game.dlq.unroutable.q
2025/08/16 17:32:32 🔍 [DLQ Categorize] Queue: game.dlq.unroutable.q
[GIN] 2025/08/16 - 17:32:32 | 200 |   13.991666ms |             ::1 | GET      "/api/dlq/list"
2025/08/16 17:32:32 📋 [DLQ] Queue game.dlq.expired.q: attempting to peek up to 1000 messages
2025/08/16 17:32:32 📋 [DLQ] Queue game.dlq.expired.q: retrieved 0 messages
2025/08/16 17:32:32 📋 [DLQ] Queue game.dlq.failed.q: attempting to peek up to 1000 messages
2025/08/16 17:32:32 📊 [RabbitMQ-Go] Derived metrics: 6 queues, 2 total pending, 1 consumers
[GIN] 2025/08/16 - 17:32:32 | 200 |    3.000875ms |             ::1 | GET      "/api/rabbitmq/metrics"
2025/08/16 17:32:32 📋 [DLQ] Queue game.dlq.failed.q: retrieved 0 messages
2025/08/16 17:32:32 📋 [DLQ] Queue game.dlq.retry.q: attempting to peek up to 1000 messages
2025/08/16 17:32:32 📋 [DLQ] Queue game.dlq.retry.q: retrieved 0 messages
2025/08/16 17:32:32 📋 [DLQ] Queue game.dlq.unroutable.q: attempting to peek up to 1000 messages
2025/08/16 17:32:32 📋 [DLQ] Queue game.dlq.unroutable.q: retrieved 2 messages
2025/08/16 17:32:32 🔍 [DLQ Categorize] Queue: game.dlq.unroutable.q
2025/08/16 17:32:32 🔍 [DLQ Categorize] Queue: game.dlq.unroutable.q
[GIN] 2025/08/16 - 17:32:32 | 200 |   10.321458ms |             ::1 | GET      "/api/dlq/list"
2025/08/16 17:32:32 📋 [DLQ] Queue game.dlq.expired.q: attempting to peek up to 1000 messages
2025/08/16 17:32:32 📊 [RabbitMQ-Go] Derived metrics: 6 queues, 2 total pending, 1 consumers
[GIN] 2025/08/16 - 17:32:32 | 200 |    2.295958ms |             ::1 | GET      "/api/rabbitmq/metrics"
2025/08/16 17:32:32 📋 [DLQ] Queue game.dlq.expired.q: retrieved 0 messages
2025/08/16 17:32:32 📋 [DLQ] Queue game.dlq.failed.q: attempting to peek up to 1000 messages
2025/08/16 17:32:32 📋 [DLQ] Queue game.dlq.failed.q: retrieved 0 messages
2025/08/16 17:32:32 📋 [DLQ] Queue game.dlq.retry.q: attempting to peek up to 1000 messages
2025/08/16 17:32:32 📋 [DLQ] Queue game.dlq.retry.q: retrieved 0 messages
2025/08/16 17:32:32 📋 [DLQ] Queue game.dlq.unroutable.q: attempting to peek up to 1000 messages
2025/08/16 17:32:32 📋 [DLQ] Queue game.dlq.unroutable.q: retrieved 2 messages
2025/08/16 17:32:32 🔍 [DLQ Categorize] Queue: game.dlq.unroutable.q
2025/08/16 17:32:32 🔍 [DLQ Categorize] Queue: game.dlq.unroutable.q
[GIN] 2025/08/16 - 17:32:32 | 200 |    8.613958ms |             ::1 | GET      "/api/dlq/list"
2025/08/16 17:32:32 📋 [DLQ] Queue game.dlq.expired.q: attempting to peek up to 1000 messages
[GIN] 2025/08/16 - 17:32:32 | 200 |    1.304875ms |             ::1 | GET      "/api/pending/list"
2025/08/16 17:32:32 📋 [DLQ] Queue game.dlq.expired.q: retrieved 0 messages
2025/08/16 17:32:32 📋 [DLQ] Queue game.dlq.failed.q: attempting to peek up to 1000 messages
2025/08/16 17:32:32 📋 [DLQ] Queue game.dlq.failed.q: retrieved 0 messages
2025/08/16 17:32:32 📋 [DLQ] Queue game.dlq.retry.q: attempting to peek up to 1000 messages
2025/08/16 17:32:32 📋 [DLQ] Queue game.dlq.retry.q: retrieved 0 messages
2025/08/16 17:32:32 📋 [DLQ] Queue game.dlq.unroutable.q: attempting to peek up to 1000 messages
2025/08/16 17:32:32 📋 [DLQ] Queue game.dlq.unroutable.q: retrieved 2 messages
2025/08/16 17:32:32 🔍 [DLQ Categorize] Queue: game.dlq.unroutable.q
2025/08/16 17:32:32 🔍 [DLQ Categorize] Queue: game.dlq.unroutable.q
[GIN] 2025/08/16 - 17:32:32 | 200 |    8.194084ms |             ::1 | GET      "/api/dlq/list"
2025/08/16 17:32:32 📋 [DLQ] Queue game.dlq.expired.q: attempting to peek up to 1000 messages
2025/08/16 17:32:32 📋 [DLQ] Queue game.dlq.expired.q: retrieved 0 messages
2025/08/16 17:32:32 📋 [DLQ] Queue game.dlq.failed.q: attempting to peek up to 1000 messages
2025/08/16 17:32:32 📋 [DLQ] Queue game.dlq.failed.q: retrieved 0 messages
2025/08/16 17:32:32 📋 [DLQ] Queue game.dlq.retry.q: attempting to peek up to 1000 messages
2025/08/16 17:32:32 📋 [DLQ] Queue game.dlq.retry.q: retrieved 0 messages
2025/08/16 17:32:32 📋 [DLQ] Queue game.dlq.unroutable.q: attempting to peek up to 1000 messages
2025/08/16 17:32:32 📋 [DLQ] Queue game.dlq.unroutable.q: retrieved 2 messages
2025/08/16 17:32:32 🔍 [DLQ Categorize] Queue: game.dlq.unroutable.q
2025/08/16 17:32:32 🔍 [DLQ Categorize] Queue: game.dlq.unroutable.q
[GIN] 2025/08/16 - 17:32:32 | 200 |    6.509625ms |             ::1 | GET      "/api/dlq/list"
[GIN] 2025/08/16 - 17:32:33 | 200 |     395.375µs |             ::1 | GET      "/api/workers/status"
[GIN] 2025/08/16 - 17:32:33 | 200 |     296.625µs |             ::1 | GET      "/api/workers/status"
[GIN] 2025/08/16 - 17:32:33 | 200 |    4.368209ms |             ::1 | GET      "/api/pending/list"
2025/08/16 17:32:33 📋 [DLQ] Queue game.dlq.expired.q: attempting to peek up to 1000 messages
[GIN] 2025/08/16 - 17:32:33 | 200 |    5.135708ms |             ::1 | GET      "/api/rabbitmq/queues"
2025/08/16 17:32:33 📋 [DLQ] Queue game.dlq.expired.q: retrieved 0 messages
2025/08/16 17:32:33 📋 [DLQ] Queue game.dlq.failed.q: attempting to peek up to 1000 messages
2025/08/16 17:32:33 📋 [DLQ] Queue game.dlq.failed.q: retrieved 0 messages
2025/08/16 17:32:33 📋 [DLQ] Queue game.dlq.retry.q: attempting to peek up to 1000 messages
2025/08/16 17:32:33 📋 [DLQ] Queue game.dlq.retry.q: retrieved 0 messages
2025/08/16 17:32:33 📋 [DLQ] Queue game.dlq.unroutable.q: attempting to peek up to 1000 messages
2025/08/16 17:32:33 📋 [DLQ] Queue game.dlq.unroutable.q: retrieved 2 messages
2025/08/16 17:32:33 🔍 [DLQ Categorize] Queue: game.dlq.unroutable.q
2025/08/16 17:32:33 🔍 [DLQ Categorize] Queue: game.dlq.unroutable.q
[GIN] 2025/08/16 - 17:32:33 | 200 |   15.617375ms |             ::1 | GET      "/api/dlq/list"
2025/08/16 17:32:33 📋 [DLQ] Queue game.dlq.expired.q: attempting to peek up to 1000 messages
2025/08/16 17:32:33 📊 [RabbitMQ-Go] Derived metrics: 6 queues, 2 total pending, 1 consumers
[GIN] 2025/08/16 - 17:32:33 | 200 |    2.735875ms |             ::1 | GET      "/api/rabbitmq/metrics"
2025/08/16 17:32:33 📋 [DLQ] Queue game.dlq.expired.q: retrieved 0 messages
2025/08/16 17:32:33 📋 [DLQ] Queue game.dlq.failed.q: attempting to peek up to 1000 messages
2025/08/16 17:32:33 📋 [DLQ] Queue game.dlq.failed.q: retrieved 0 messages
2025/08/16 17:32:33 📋 [DLQ] Queue game.dlq.retry.q: attempting to peek up to 1000 messages
2025/08/16 17:32:33 📋 [DLQ] Queue game.dlq.retry.q: retrieved 0 messages
2025/08/16 17:32:33 📋 [DLQ] Queue game.dlq.unroutable.q: attempting to peek up to 1000 messages
2025/08/16 17:32:33 📋 [DLQ] Queue game.dlq.unroutable.q: retrieved 2 messages
2025/08/16 17:32:33 🔍 [DLQ Categorize] Queue: game.dlq.unroutable.q
2025/08/16 17:32:33 🔍 [DLQ Categorize] Queue: game.dlq.unroutable.q
[GIN] 2025/08/16 - 17:32:33 | 200 |   11.131875ms |             ::1 | GET      "/api/dlq/list"
2025/08/16 17:32:33 📊 [RabbitMQ-Go] Derived metrics: 6 queues, 2 total pending, 1 consumers
2025/08/16 17:32:35 📊 [RabbitMQ-Go] Derived metrics: 6 queues, 2 total pending, 1 consumers
2025/08/16 17:32:36 🔄 [ResetGame] Starting comprehensive reset...
2025/08/16 17:32:36 🛑 [ResetGame] Stopping worker: responsive-test
2025/08/16 17:32:36 📋 [DLQ] Queue game.dlq.expired.q: attempting to peek up to 1000 messages
[GIN] 2025/08/16 - 17:32:36 | 200 |    3.825875ms |             ::1 | GET      "/api/pending/list"
2025/08/16 17:32:36 ✅ [ResetGame] Successfully stopped worker: responsive-test
[GIN] 2025/08/16 - 17:32:36 | 200 |    4.165709ms |             ::1 | GET      "/api/workers/status"
[GIN] 2025/08/16 - 17:32:36 | 200 |    4.298875ms |             ::1 | GET      "/api/rabbitmq/queues"
[GIN] 2025/08/16 - 17:32:36 | 200 |     301.167µs |             ::1 | GET      "/api/workers/status"
2025/08/16 17:32:36 📋 [DLQ] Queue game.dlq.expired.q: retrieved 0 messages
2025/08/16 17:32:36 📋 [DLQ] Queue game.dlq.failed.q: attempting to peek up to 1000 messages
[GIN] 2025/08/16 - 17:32:36 | 200 |      30.542µs |             ::1 | POST     "/api/go-workers/webhook/events"
2025/08/16 17:32:36 📋 [DLQ] Queue game.dlq.failed.q: retrieved 0 messages
2025/08/16 17:32:36 📋 [DLQ] Queue game.dlq.retry.q: attempting to peek up to 1000 messages
2025/08/16 17:32:36 🗑️ [RabbitMQ] Successfully deleted queue game.dlq.expired.q
2025/08/16 17:32:36 🗑️ [ResetGame] Deleted queue: game.dlq.expired.q
2025/08/16 17:32:36 📋 [DLQ] Queue game.dlq.retry.q: retrieved 0 messages
2025/08/16 17:32:36 📋 [DLQ] Queue game.dlq.unroutable.q: attempting to peek up to 1000 messages
2025/08/16 17:32:36 🗑️ [RabbitMQ] Successfully deleted queue game.dlq.failed.q
2025/08/16 17:32:36 🗑️ [ResetGame] Deleted queue: game.dlq.failed.q
2025/08/16 17:32:36 📋 [DLQ] Queue game.dlq.unroutable.q: retrieved 2 messages
2025/08/16 17:32:36 🔍 [DLQ Categorize] Queue: game.dlq.unroutable.q
2025/08/16 17:32:36 🔍 [DLQ Categorize] Queue: game.dlq.unroutable.q
[GIN] 2025/08/16 - 17:32:36 | 200 |   16.376709ms |             ::1 | GET      "/api/dlq/list"
2025/08/16 17:32:36 📋 [DLQ] Queue game.dlq.unroutable.q: attempting to peek up to 1000 messages
2025/08/16 17:32:36 🗑️ [RabbitMQ] Successfully deleted queue game.dlq.retry.q
2025/08/16 17:32:36 🗑️ [ResetGame] Deleted queue: game.dlq.retry.q
2025/08/16 17:32:36 📊 [RabbitMQ-Go] Derived metrics: 3 queues, 2 total pending, 0 consumers
[GIN] 2025/08/16 - 17:32:36 | 200 |    2.277209ms |             ::1 | GET      "/api/rabbitmq/metrics"
2025/08/16 17:32:36 🗑️ [RabbitMQ] Successfully deleted queue game.dlq.unroutable.q
2025/08/16 17:32:36 🗑️ [ResetGame] Deleted queue: game.dlq.unroutable.q
2025/08/16 17:32:36 🗑️ [RabbitMQ] Successfully deleted queue game.skill.escort.q
2025/08/16 17:32:36 🗑️ [ResetGame] Deleted queue: game.skill.escort.q
2025/08/16 17:32:36 🗑️ [RabbitMQ] Successfully deleted queue game.skill.gather.q
2025/08/16 17:32:36 🗑️ [ResetGame] Deleted queue: game.skill.gather.q
2025/08/16 17:32:36 🗑️ [RabbitMQ] Successfully deleted exchange game.dlx
2025/08/16 17:32:36 🗑️ [ResetGame] Deleted exchange: game.dlx
2025/08/16 17:32:36 🗑️ [RabbitMQ] Successfully deleted exchange game.skill
2025/08/16 17:32:36 🗑️ [ResetGame] Deleted exchange: game.skill
2025/08/16 17:32:36 🗑️ [RabbitMQ] Successfully deleted exchange game.unroutable
2025/08/16 17:32:36 🗑️ [ResetGame] Deleted exchange: game.unroutable
2025/08/16 17:32:36 🔌 [ResetGame] Closed 0 RabbitMQ connections
2025/08/16 17:32:36 📊 [ResetGame] Cleared player stats
2025/08/16 17:32:36 📡 [ResetGame] Broadcast reset message to UI
2025/08/16 17:32:36 ⚠️  [WebSocket] Broadcast channel full, dropping message
2025/08/16 17:32:36 📡 [ResetGame] Broadcast empty roster to clear UI consumers
2025/08/16 17:32:36 📋 [DLQ] Queue game.dlq.unroutable.q: retrieved 0 messages
[GIN] 2025/08/16 - 17:32:36 | 200 |   37.027333ms |             ::1 | GET      "/api/dlq/list"
[GIN] 2025/08/16 - 17:32:36 | 200 |     498.958µs |             ::1 | GET      "/api/workers/status"
[GIN] 2025/08/16 - 17:32:36 | 200 |     268.375µs |             ::1 | GET      "/api/workers/status"
2025/08/16 17:32:36 📋 [DLQ] No DLQ queues found, auto-setting up DLQ topology...
[GIN] 2025/08/16 - 17:32:36 | 200 |    4.220958ms |             ::1 | GET      "/api/rabbitmq/queues"
[GIN] 2025/08/16 - 17:32:36 | 200 |    5.068542ms |             ::1 | GET      "/api/pending/list"
2025/08/16 17:32:36 🔄 [RabbitMQ] Successfully created exchange game.dlx (topic)
2025/08/16 17:32:36 🔄 [RabbitMQ] Successfully created exchange game.unroutable (fanout)
2025/08/16 17:32:36 📦 [RabbitMQ] Successfully created queue game.dlq.failed.q
2025/08/16 17:32:36 🔗 [RabbitMQ] Successfully bound queue game.dlq.failed.q to exchange game.dlx with routing key dlq.failed
2025/08/16 17:32:36 📦 [RabbitMQ] Successfully created queue game.dlq.unroutable.q
2025/08/16 17:32:36 🔗 [RabbitMQ] Successfully bound queue game.dlq.unroutable.q to exchange game.dlx with routing key dlq.unroutable
2025/08/16 17:32:36 📦 [RabbitMQ] Successfully created queue game.dlq.expired.q
2025/08/16 17:32:36 🔗 [RabbitMQ] Successfully bound queue game.dlq.expired.q to exchange game.dlx with routing key dlq.expired
2025/08/16 17:32:36 📦 [RabbitMQ] Successfully created queue game.dlq.retry.q
2025/08/16 17:32:36 🔗 [RabbitMQ] Successfully bound queue game.dlq.retry.q to exchange game.dlx with routing key dlq.retry
2025/08/16 17:32:36 🔗 [RabbitMQ] Successfully bound queue game.dlq.unroutable.q to exchange game.unroutable with routing key 
2025/08/16 17:32:36 🗑️ [RabbitMQ] Exchange game.skill already doesn't exist
2025/08/16 17:32:36 🔄 [RabbitMQ] Successfully created exchange game.skill (topic)
Warning: Could not rebind queue game.skill.gather.q: failed to bind queue game.skill.gather.q to exchange game.skill: status 404, body: {"error":"not_found","reason":"no queue 'game.skill.gather.q' in vhost '/'"}
Warning: Could not rebind queue game.skill.slay.q: failed to bind queue game.skill.slay.q to exchange game.skill: status 404, body: {"error":"not_found","reason":"no queue 'game.skill.slay.q' in vhost '/'"}
2025/08/16 17:32:36 ✅ [DLQ] Auto-setup completed successfully
[GIN] 2025/08/16 - 17:32:36 | 200 |   40.643625ms |             ::1 | GET      "/api/dlq/list"
2025/08/16 17:32:36 📋 [DLQ] Queue game.dlq.expired.q: attempting to peek up to 1000 messages
2025/08/16 17:32:36 📊 [RabbitMQ-Go] Derived metrics: 4 queues, 0 total pending, 0 consumers
[GIN] 2025/08/16 - 17:32:36 | 200 |    1.651125ms |             ::1 | GET      "/api/rabbitmq/metrics"
2025/08/16 17:32:36 📋 [DLQ] Queue game.dlq.expired.q: retrieved 0 messages
2025/08/16 17:32:36 📋 [DLQ] Queue game.dlq.failed.q: attempting to peek up to 1000 messages
2025/08/16 17:32:36 📋 [DLQ] Queue game.dlq.failed.q: retrieved 0 messages
2025/08/16 17:32:36 📋 [DLQ] Queue game.dlq.retry.q: attempting to peek up to 1000 messages
2025/08/16 17:32:36 📋 [DLQ] Queue game.dlq.retry.q: retrieved 0 messages
2025/08/16 17:32:36 📋 [DLQ] Queue game.dlq.unroutable.q: attempting to peek up to 1000 messages
2025/08/16 17:32:36 📋 [DLQ] Queue game.dlq.unroutable.q: retrieved 0 messages
[GIN] 2025/08/16 - 17:32:36 | 200 |    8.403667ms |             ::1 | GET      "/api/dlq/list"
[GIN] 2025/08/16 - 17:32:37 | 200 |     312.708µs |             ::1 | GET      "/api/workers/status"
[GIN] 2025/08/16 - 17:32:37 | 200 |     228.542µs |             ::1 | GET      "/api/workers/status"
2025/08/16 17:32:37 📋 [DLQ] Queue game.dlq.expired.q: attempting to peek up to 1000 messages
[GIN] 2025/08/16 - 17:32:37 | 200 |    2.097083ms |             ::1 | GET      "/api/pending/list"
[GIN] 2025/08/16 - 17:32:37 | 200 |       2.938ms |             ::1 | GET      "/api/rabbitmq/queues"
2025/08/16 17:32:37 📋 [DLQ] Queue game.dlq.expired.q: retrieved 0 messages
2025/08/16 17:32:37 📋 [DLQ] Queue game.dlq.failed.q: attempting to peek up to 1000 messages
2025/08/16 17:32:37 📋 [DLQ] Queue game.dlq.failed.q: retrieved 0 messages
2025/08/16 17:32:37 📋 [DLQ] Queue game.dlq.retry.q: attempting to peek up to 1000 messages
2025/08/16 17:32:37 📋 [DLQ] Queue game.dlq.retry.q: retrieved 0 messages
2025/08/16 17:32:37 📋 [DLQ] Queue game.dlq.unroutable.q: attempting to peek up to 1000 messages
2025/08/16 17:32:37 📋 [DLQ] Queue game.dlq.unroutable.q: retrieved 0 messages
[GIN] 2025/08/16 - 17:32:37 | 200 |   12.077042ms |             ::1 | GET      "/api/dlq/list"
2025/08/16 17:32:37 📋 [DLQ] Queue game.dlq.expired.q: attempting to peek up to 1000 messages
2025/08/16 17:32:37 📋 [DLQ] Queue game.dlq.expired.q: retrieved 0 messages
2025/08/16 17:32:37 📋 [DLQ] Queue game.dlq.failed.q: attempting to peek up to 1000 messages
2025/08/16 17:32:37 📊 [RabbitMQ-Go] Derived metrics: 4 queues, 0 total pending, 0 consumers
[GIN] 2025/08/16 - 17:32:37 | 200 |    1.874042ms |             ::1 | GET      "/api/rabbitmq/metrics"
2025/08/16 17:32:37 📋 [DLQ] Queue game.dlq.failed.q: retrieved 0 messages
2025/08/16 17:32:37 📋 [DLQ] Queue game.dlq.retry.q: attempting to peek up to 1000 messages
2025/08/16 17:32:37 📋 [DLQ] Queue game.dlq.retry.q: retrieved 0 messages
2025/08/16 17:32:37 📋 [DLQ] Queue game.dlq.unroutable.q: attempting to peek up to 1000 messages
2025/08/16 17:32:37 📋 [DLQ] Queue game.dlq.unroutable.q: retrieved 0 messages
[GIN] 2025/08/16 - 17:32:37 | 200 |    7.871791ms |             ::1 | GET      "/api/dlq/list"
2025/08/16 17:32:37 📡 [ResetGame] Final empty roster broadcast after cleanup
[GIN] 2025/08/16 - 17:32:37 | 304 |      98.666µs |             ::1 | GET      "/"
2025/08/16 17:32:37 🔌 [WebSocket] Client disconnected (total: 0)
2025/08/16 17:32:37 📊 [RabbitMQ-Go] Derived metrics: 4 queues, 0 total pending, 0 consumers
[GIN] 2025/08/16 - 17:32:37 | 200 |      15.875µs |             ::1 | GET      "/api/chaos/status"
[GIN] 2025/08/16 - 17:32:37 | 200 |      43.583µs |             ::1 | GET      "/ws"
2025/08/16 17:32:37 🔗 [WebSocket] Client connected (total: 1)
[GIN] 2025/08/16 - 17:32:37 | 200 |      11.583µs |             ::1 | GET      "/api/cardgame/enabled"
2025/08/16 17:32:37 ✅ [ResetGame] Reset completed successfully
2025/08/16 17:32:37 📡 [ResetGame] Reset flag cleared - normal ticker resumed
[GIN] 2025/08/16 - 17:32:37 | 200 |  1.544752083s |             ::1 | POST     "/api/reset"
[GIN] 2025/08/16 - 17:32:38 | 200 |     294.041µs |             ::1 | GET      "/api/workers/status"
[GIN] 2025/08/16 - 17:32:38 | 200 |     227.791µs |             ::1 | GET      "/api/workers/status"
[GIN] 2025/08/16 - 17:32:38 | 200 |     158.083µs |             ::1 | GET      "/api/workers/status"
2025/08/16 17:32:38 📋 [DLQ] Queue game.dlq.expired.q: attempting to peek up to 1000 messages
[GIN] 2025/08/16 - 17:32:38 | 200 |      121.75µs |             ::1 | GET      "/api/workers/status"
[GIN] 2025/08/16 - 17:32:38 | 200 |    3.417583ms |             ::1 | GET      "/api/rabbitmq/queues"
[GIN] 2025/08/16 - 17:32:38 | 200 |    3.719833ms |             ::1 | GET      "/api/pending/list"
2025/08/16 17:32:38 📊 [RabbitMQ-Go] Derived metrics: 4 queues, 0 total pending, 0 consumers
[GIN] 2025/08/16 - 17:32:38 | 200 |     4.35625ms |             ::1 | GET      "/api/rabbitmq/metrics"
2025/08/16 17:32:38 📋 [DLQ] Queue game.dlq.expired.q: retrieved 0 messages
2025/08/16 17:32:38 📋 [DLQ] Queue game.dlq.failed.q: attempting to peek up to 1000 messages
[GIN] 2025/08/16 - 17:32:38 | 200 |     1.93375ms |             ::1 | GET      "/api/pending/list"
[GIN] 2025/08/16 - 17:32:38 | 200 |    2.443333ms |             ::1 | GET      "/api/rabbitmq/queues"
2025/08/16 17:32:38 📋 [DLQ] Queue game.dlq.failed.q: retrieved 0 messages
2025/08/16 17:32:38 📋 [DLQ] Queue game.dlq.retry.q: attempting to peek up to 1000 messages
2025/08/16 17:32:38 📋 [DLQ] Queue game.dlq.retry.q: retrieved 0 messages
2025/08/16 17:32:38 📋 [DLQ] Queue game.dlq.unroutable.q: attempting to peek up to 1000 messages
2025/08/16 17:32:38 📋 [DLQ] Queue game.dlq.unroutable.q: retrieved 0 messages
[GIN] 2025/08/16 - 17:32:38 | 200 |   13.236667ms |             ::1 | GET      "/api/dlq/list"
2025/08/16 17:32:38 📋 [DLQ] Queue game.dlq.expired.q: attempting to peek up to 1000 messages
2025/08/16 17:32:38 📋 [DLQ] Queue game.dlq.expired.q: retrieved 0 messages
2025/08/16 17:32:38 📋 [DLQ] Queue game.dlq.failed.q: attempting to peek up to 1000 messages
2025/08/16 17:32:38 📋 [DLQ] Queue game.dlq.failed.q: retrieved 0 messages
2025/08/16 17:32:38 📋 [DLQ] Queue game.dlq.retry.q: attempting to peek up to 1000 messages
2025/08/16 17:32:38 📋 [DLQ] Queue game.dlq.retry.q: retrieved 0 messages
2025/08/16 17:32:38 📋 [DLQ] Queue game.dlq.unroutable.q: attempting to peek up to 1000 messages
2025/08/16 17:32:38 📊 [RabbitMQ-Go] Derived metrics: 4 queues, 0 total pending, 0 consumers
[GIN] 2025/08/16 - 17:32:38 | 200 |    2.090459ms |             ::1 | GET      "/api/rabbitmq/metrics"
2025/08/16 17:32:38 📋 [DLQ] Queue game.dlq.unroutable.q: retrieved 0 messages
[GIN] 2025/08/16 - 17:32:38 | 200 |    8.536459ms |             ::1 | GET      "/api/dlq/list"
2025/08/16 17:32:38 📋 [DLQ] Queue game.dlq.expired.q: attempting to peek up to 1000 messages
2025/08/16 17:32:38 📋 [DLQ] Queue game.dlq.expired.q: retrieved 0 messages
2025/08/16 17:32:38 📋 [DLQ] Queue game.dlq.failed.q: attempting to peek up to 1000 messages
2025/08/16 17:32:38 📊 [RabbitMQ-Go] Derived metrics: 4 queues, 0 total pending, 0 consumers
[GIN] 2025/08/16 - 17:32:38 | 200 |    1.675834ms |             ::1 | GET      "/api/rabbitmq/metrics"
2025/08/16 17:32:38 📋 [DLQ] Queue game.dlq.failed.q: retrieved 0 messages
2025/08/16 17:32:38 📋 [DLQ] Queue game.dlq.retry.q: attempting to peek up to 1000 messages
2025/08/16 17:32:38 📋 [DLQ] Queue game.dlq.retry.q: retrieved 0 messages
2025/08/16 17:32:38 📋 [DLQ] Queue game.dlq.unroutable.q: attempting to peek up to 1000 messages
2025/08/16 17:32:38 📋 [DLQ] Queue game.dlq.unroutable.q: retrieved 0 messages
[GIN] 2025/08/16 - 17:32:38 | 200 |    7.579625ms |             ::1 | GET      "/api/dlq/list"
2025/08/16 17:32:38 📋 [DLQ] Queue game.dlq.expired.q: attempting to peek up to 1000 messages
[GIN] 2025/08/16 - 17:32:38 | 200 |     876.417µs |             ::1 | GET      "/api/pending/list"
2025/08/16 17:32:38 📋 [DLQ] Queue game.dlq.expired.q: retrieved 0 messages
2025/08/16 17:32:38 📋 [DLQ] Queue game.dlq.failed.q: attempting to peek up to 1000 messages
2025/08/16 17:32:38 📋 [DLQ] Queue game.dlq.failed.q: retrieved 0 messages
2025/08/16 17:32:38 📋 [DLQ] Queue game.dlq.retry.q: attempting to peek up to 1000 messages
2025/08/16 17:32:38 📋 [DLQ] Queue game.dlq.retry.q: retrieved 0 messages
2025/08/16 17:32:38 📋 [DLQ] Queue game.dlq.unroutable.q: attempting to peek up to 1000 messages
2025/08/16 17:32:38 📋 [DLQ] Queue game.dlq.unroutable.q: retrieved 0 messages
[GIN] 2025/08/16 - 17:32:38 | 200 |    6.487792ms |             ::1 | GET      "/api/dlq/list"
2025/08/16 17:32:38 📋 [DLQ] Queue game.dlq.expired.q: attempting to peek up to 1000 messages
2025/08/16 17:32:38 📋 [DLQ] Queue game.dlq.expired.q: retrieved 0 messages
2025/08/16 17:32:38 📋 [DLQ] Queue game.dlq.failed.q: attempting to peek up to 1000 messages
2025/08/16 17:32:38 📋 [DLQ] Queue game.dlq.failed.q: retrieved 0 messages
2025/08/16 17:32:38 📋 [DLQ] Queue game.dlq.retry.q: attempting to peek up to 1000 messages
2025/08/16 17:32:38 📋 [DLQ] Queue game.dlq.retry.q: retrieved 0 messages
2025/08/16 17:32:38 📋 [DLQ] Queue game.dlq.unroutable.q: attempting to peek up to 1000 messages
2025/08/16 17:32:38 📋 [DLQ] Queue game.dlq.unroutable.q: retrieved 0 messages
[GIN] 2025/08/16 - 17:32:38 | 200 |    5.481417ms |             ::1 | GET      "/api/dlq/list"
[GIN] 2025/08/16 - 17:32:38 | 200 |     290.792µs |             ::1 | GET      "/api/workers/status"
[GIN] 2025/08/16 - 17:32:38 | 200 |     178.542µs |             ::1 | GET      "/api/workers/status"
2025/08/16 17:32:38 📋 [DLQ] Queue game.dlq.expired.q: attempting to peek up to 1000 messages
[GIN] 2025/08/16 - 17:32:38 | 200 |    1.801417ms |             ::1 | GET      "/api/pending/list"
[GIN] 2025/08/16 - 17:32:38 | 200 |    2.932542ms |             ::1 | GET      "/api/rabbitmq/queues"
2025/08/16 17:32:38 📋 [DLQ] Queue game.dlq.expired.q: retrieved 0 messages
2025/08/16 17:32:38 📋 [DLQ] Queue game.dlq.failed.q: attempting to peek up to 1000 messages
2025/08/16 17:32:38 📋 [DLQ] Queue game.dlq.failed.q: retrieved 0 messages
2025/08/16 17:32:38 📋 [DLQ] Queue game.dlq.retry.q: attempting to peek up to 1000 messages
2025/08/16 17:32:38 📋 [DLQ] Queue game.dlq.retry.q: retrieved 0 messages
2025/08/16 17:32:38 📋 [DLQ] Queue game.dlq.unroutable.q: attempting to peek up to 1000 messages
2025/08/16 17:32:38 📋 [DLQ] Queue game.dlq.unroutable.q: retrieved 0 messages
[GIN] 2025/08/16 - 17:32:38 | 200 |   12.152917ms |             ::1 | GET      "/api/dlq/list"
2025/08/16 17:32:38 📋 [DLQ] Queue game.dlq.expired.q: attempting to peek up to 1000 messages
2025/08/16 17:32:38 📊 [RabbitMQ-Go] Derived metrics: 4 queues, 0 total pending, 0 consumers
[GIN] 2025/08/16 - 17:32:38 | 200 |    1.715167ms |             ::1 | GET      "/api/rabbitmq/metrics"
2025/08/16 17:32:38 📋 [DLQ] Queue game.dlq.expired.q: retrieved 0 messages
2025/08/16 17:32:38 📋 [DLQ] Queue game.dlq.failed.q: attempting to peek up to 1000 messages
2025/08/16 17:32:38 📋 [DLQ] Queue game.dlq.failed.q: retrieved 0 messages
2025/08/16 17:32:38 📋 [DLQ] Queue game.dlq.retry.q: attempting to peek up to 1000 messages
2025/08/16 17:32:38 📋 [DLQ] Queue game.dlq.retry.q: retrieved 0 messages
2025/08/16 17:32:38 📋 [DLQ] Queue game.dlq.unroutable.q: attempting to peek up to 1000 messages
2025/08/16 17:32:38 📋 [DLQ] Queue game.dlq.unroutable.q: retrieved 0 messages
[GIN] 2025/08/16 - 17:32:38 | 200 |    7.937042ms |             ::1 | GET      "/api/dlq/list"
[GIN-debug] [WARNING] Running in "debug" mode. Switch to "release" mode in production.
 - using env:	export GIN_MODE=release
 - using code:	gin.SetMode(gin.ReleaseMode)

2025/08/16 17:32:39 🔄 [ResetGame] Starting comprehensive reset...
2025/08/16 17:32:39 🗑️ [RabbitMQ] Successfully deleted queue game.dlq.expired.q
2025/08/16 17:32:39 🗑️ [ResetGame] Deleted queue: game.dlq.expired.q
2025/08/16 17:32:39 🗑️ [RabbitMQ] Successfully deleted queue game.dlq.failed.q
2025/08/16 17:32:39 🗑️ [ResetGame] Deleted queue: game.dlq.failed.q
2025/08/16 17:32:39 🗑️ [RabbitMQ] Successfully deleted queue game.dlq.retry.q
2025/08/16 17:32:39 🗑️ [ResetGame] Deleted queue: game.dlq.retry.q
2025/08/16 17:32:39 🗑️ [RabbitMQ] Successfully deleted queue game.dlq.unroutable.q
2025/08/16 17:32:39 🗑️ [ResetGame] Deleted queue: game.dlq.unroutable.q
2025/08/16 17:32:39 🗑️ [RabbitMQ] Successfully deleted exchange game.dlx
2025/08/16 17:32:39 🗑️ [ResetGame] Deleted exchange: game.dlx
2025/08/16 17:32:39 🗑️ [RabbitMQ] Successfully deleted exchange game.skill
2025/08/16 17:32:39 🗑️ [ResetGame] Deleted exchange: game.skill
2025/08/16 17:32:39 🗑️ [RabbitMQ] Successfully deleted exchange game.unroutable
2025/08/16 17:32:39 🗑️ [ResetGame] Deleted exchange: game.unroutable
2025/08/16 17:32:39 🔌 [ResetGame] Closed 0 RabbitMQ connections
2025/08/16 17:32:39 📊 [ResetGame] Cleared player stats
2025/08/16 17:32:39 📡 [ResetGame] Broadcast reset message to UI
2025/08/16 17:32:39 📡 [ResetGame] Broadcast empty roster to clear UI consumers
2025/08/16 17:32:39 📊 [RabbitMQ-Go] Derived metrics: 0 queues, 0 total pending, 0 consumers
[GIN] 2025/08/16 - 17:32:39 | 200 |     212.584µs |             ::1 | GET      "/api/workers/status"
[GIN] 2025/08/16 - 17:32:39 | 200 |     224.583µs |             ::1 | GET      "/api/workers/status"
[GIN] 2025/08/16 - 17:32:39 | 200 |    2.177625ms |             ::1 | GET      "/api/rabbitmq/queues"
2025/08/16 17:32:39 📋 [DLQ] No DLQ queues found, auto-setting up DLQ topology...
[GIN] 2025/08/16 - 17:32:39 | 200 |     2.57725ms |             ::1 | GET      "/api/pending/list"
2025/08/16 17:32:39 🔄 [RabbitMQ] Successfully created exchange game.dlx (topic)
2025/08/16 17:32:39 🔄 [RabbitMQ] Successfully created exchange game.unroutable (fanout)
2025/08/16 17:32:39 📦 [RabbitMQ] Successfully created queue game.dlq.failed.q
2025/08/16 17:32:39 🔗 [RabbitMQ] Successfully bound queue game.dlq.failed.q to exchange game.dlx with routing key dlq.failed
2025/08/16 17:32:39 📦 [RabbitMQ] Successfully created queue game.dlq.unroutable.q
2025/08/16 17:32:39 🔗 [RabbitMQ] Successfully bound queue game.dlq.unroutable.q to exchange game.dlx with routing key dlq.unroutable
2025/08/16 17:32:39 📦 [RabbitMQ] Successfully created queue game.dlq.expired.q
2025/08/16 17:32:39 🔗 [RabbitMQ] Successfully bound queue game.dlq.expired.q to exchange game.dlx with routing key dlq.expired
2025/08/16 17:32:39 📦 [RabbitMQ] Successfully created queue game.dlq.retry.q
2025/08/16 17:32:39 🔗 [RabbitMQ] Successfully bound queue game.dlq.retry.q to exchange game.dlx with routing key dlq.retry
2025/08/16 17:32:39 🔗 [RabbitMQ] Successfully bound queue game.dlq.unroutable.q to exchange game.unroutable with routing key 
2025/08/16 17:32:39 🗑️ [RabbitMQ] Exchange game.skill already doesn't exist
2025/08/16 17:32:39 🔄 [RabbitMQ] Successfully created exchange game.skill (topic)
Warning: Could not rebind queue game.skill.gather.q: failed to bind queue game.skill.gather.q to exchange game.skill: status 404, body: {"error":"not_found","reason":"no queue 'game.skill.gather.q' in vhost '/'"}
Warning: Could not rebind queue game.skill.slay.q: failed to bind queue game.skill.slay.q to exchange game.skill: status 404, body: {"error":"not_found","reason":"no queue 'game.skill.slay.q' in vhost '/'"}
2025/08/16 17:32:39 ✅ [DLQ] Auto-setup completed successfully
[GIN] 2025/08/16 - 17:32:39 | 200 |   31.471291ms |             ::1 | GET      "/api/dlq/list"
2025/08/16 17:32:39 📋 [DLQ] Queue game.dlq.expired.q: attempting to peek up to 1000 messages
2025/08/16 17:32:39 📋 [DLQ] Queue game.dlq.expired.q: retrieved 0 messages
2025/08/16 17:32:39 📋 [DLQ] Queue game.dlq.failed.q: attempting to peek up to 1000 messages
2025/08/16 17:32:39 📊 [RabbitMQ-Go] Derived metrics: 4 queues, 0 total pending, 0 consumers
[GIN] 2025/08/16 - 17:32:39 | 200 |     2.51375ms |             ::1 | GET      "/api/rabbitmq/metrics"
2025/08/16 17:32:39 📋 [DLQ] Queue game.dlq.failed.q: retrieved 0 messages
2025/08/16 17:32:39 📋 [DLQ] Queue game.dlq.retry.q: attempting to peek up to 1000 messages
2025/08/16 17:32:39 📋 [DLQ] Queue game.dlq.retry.q: retrieved 0 messages
2025/08/16 17:32:39 📋 [DLQ] Queue game.dlq.unroutable.q: attempting to peek up to 1000 messages
2025/08/16 17:32:39 📋 [DLQ] Queue game.dlq.unroutable.q: retrieved 0 messages
[GIN] 2025/08/16 - 17:32:39 | 200 |    7.608333ms |             ::1 | GET      "/api/dlq/list"
[GIN] 2025/08/16 - 17:32:39 | 200 |       178.5µs |             ::1 | GET      "/api/workers/status"
[GIN] 2025/08/16 - 17:32:39 | 200 |    1.088584ms |             ::1 | GET      "/api/pending/list"
2025/08/16 17:32:39 📋 [DLQ] Queue game.dlq.expired.q: attempting to peek up to 1000 messages
[GIN] 2025/08/16 - 17:32:39 | 200 |     160.708µs |             ::1 | GET      "/api/workers/status"
[GIN] 2025/08/16 - 17:32:39 | 200 |    2.025459ms |             ::1 | GET      "/api/rabbitmq/queues"
2025/08/16 17:32:39 📋 [DLQ] Queue game.dlq.expired.q: retrieved 0 messages
2025/08/16 17:32:39 📋 [DLQ] Queue game.dlq.failed.q: attempting to peek up to 1000 messages
2025/08/16 17:32:39 📋 [DLQ] Queue game.dlq.failed.q: retrieved 0 messages
2025/08/16 17:32:39 📋 [DLQ] Queue game.dlq.retry.q: attempting to peek up to 1000 messages
2025/08/16 17:32:39 📋 [DLQ] Queue game.dlq.retry.q: retrieved 0 messages
2025/08/16 17:32:39 📋 [DLQ] Queue game.dlq.unroutable.q: attempting to peek up to 1000 messages
2025/08/16 17:32:39 📋 [DLQ] Queue game.dlq.unroutable.q: retrieved 0 messages
[GIN] 2025/08/16 - 17:32:39 | 200 |    7.516583ms |             ::1 | GET      "/api/dlq/list"
2025/08/16 17:32:39 📋 [DLQ] Queue game.dlq.expired.q: attempting to peek up to 1000 messages
2025/08/16 17:32:39 📋 [DLQ] Queue game.dlq.expired.q: retrieved 0 messages
2025/08/16 17:32:39 📋 [DLQ] Queue game.dlq.failed.q: attempting to peek up to 1000 messages
2025/08/16 17:32:39 📊 [RabbitMQ-Go] Derived metrics: 4 queues, 0 total pending, 0 consumers
[GIN] 2025/08/16 - 17:32:39 | 200 |    1.333792ms |             ::1 | GET      "/api/rabbitmq/metrics"
2025/08/16 17:32:39 📋 [DLQ] Queue game.dlq.failed.q: retrieved 0 messages
2025/08/16 17:32:39 📋 [DLQ] Queue game.dlq.retry.q: attempting to peek up to 1000 messages
2025/08/16 17:32:39 📋 [DLQ] Queue game.dlq.retry.q: retrieved 0 messages
2025/08/16 17:32:39 📋 [DLQ] Queue game.dlq.unroutable.q: attempting to peek up to 1000 messages
2025/08/16 17:32:39 📋 [DLQ] Queue game.dlq.unroutable.q: retrieved 0 messages
[GIN] 2025/08/16 - 17:32:39 | 200 |      6.3905ms |             ::1 | GET      "/api/dlq/list"
2025/08/16 17:32:40 📡 [ResetGame] Final empty roster broadcast after cleanup
[GIN] 2025/08/16 - 17:32:40 | 200 |     299.666µs |             ::1 | GET      "/api/workers/status"
[GIN] 2025/08/16 - 17:32:40 | 200 |     207.667µs |             ::1 | GET      "/api/workers/status"
2025/08/16 17:32:40 📋 [DLQ] Queue game.dlq.expired.q: attempting to peek up to 1000 messages
[GIN] 2025/08/16 - 17:32:40 | 200 |    1.592917ms |             ::1 | GET      "/api/pending/list"
[GIN] 2025/08/16 - 17:32:40 | 200 |    2.380666ms |             ::1 | GET      "/api/rabbitmq/queues"
2025/08/16 17:32:40 📋 [DLQ] Queue game.dlq.expired.q: retrieved 0 messages
2025/08/16 17:32:40 📋 [DLQ] Queue game.dlq.failed.q: attempting to peek up to 1000 messages
2025/08/16 17:32:40 📋 [DLQ] Queue game.dlq.failed.q: retrieved 0 messages
2025/08/16 17:32:40 📋 [DLQ] Queue game.dlq.retry.q: attempting to peek up to 1000 messages
2025/08/16 17:32:40 📋 [DLQ] Queue game.dlq.retry.q: retrieved 0 messages
2025/08/16 17:32:40 📋 [DLQ] Queue game.dlq.unroutable.q: attempting to peek up to 1000 messages
2025/08/16 17:32:40 📋 [DLQ] Queue game.dlq.unroutable.q: retrieved 0 messages
[GIN] 2025/08/16 - 17:32:40 | 200 |     14.5335ms |             ::1 | GET      "/api/dlq/list"
2025/08/16 17:32:40 📋 [DLQ] Queue game.dlq.expired.q: attempting to peek up to 1000 messages
2025/08/16 17:32:40 📋 [DLQ] Queue game.dlq.expired.q: retrieved 0 messages
2025/08/16 17:32:40 📋 [DLQ] Queue game.dlq.failed.q: attempting to peek up to 1000 messages
2025/08/16 17:32:40 📊 [RabbitMQ-Go] Derived metrics: 4 queues, 0 total pending, 0 consumers
[GIN] 2025/08/16 - 17:32:40 | 200 |    2.349125ms |             ::1 | GET      "/api/rabbitmq/metrics"
2025/08/16 17:32:40 📋 [DLQ] Queue game.dlq.failed.q: retrieved 0 messages
2025/08/16 17:32:40 📋 [DLQ] Queue game.dlq.retry.q: attempting to peek up to 1000 messages
2025/08/16 17:32:40 📋 [DLQ] Queue game.dlq.retry.q: retrieved 0 messages
2025/08/16 17:32:40 📋 [DLQ] Queue game.dlq.unroutable.q: attempting to peek up to 1000 messages
2025/08/16 17:32:40 📋 [DLQ] Queue game.dlq.unroutable.q: retrieved 0 messages
[GIN] 2025/08/16 - 17:32:40 | 200 |   11.204875ms |             ::1 | GET      "/api/dlq/list"
2025/08/16 17:32:40 ✅ [ResetGame] Reset completed successfully
2025/08/16 17:32:40 📡 [ResetGame] Reset flag cleared - normal ticker resumed
[GIN] 2025/08/16 - 17:32:40 | 200 |         193µs |             ::1 | GET      "/api/workers/status"
2025/08/16 17:32:40 📋 [DLQ] Queue game.dlq.expired.q: attempting to peek up to 1000 messages
[GIN] 2025/08/16 - 17:32:40 | 200 |     129.417µs |             ::1 | GET      "/api/workers/status"
[GIN] 2025/08/16 - 17:32:40 | 200 |    1.641958ms |             ::1 | GET      "/api/pending/list"
[GIN] 2025/08/16 - 17:32:40 | 200 |    1.814167ms |             ::1 | GET      "/api/rabbitmq/queues"
2025/08/16 17:32:40 📋 [DLQ] Queue game.dlq.expired.q: retrieved 0 messages
2025/08/16 17:32:40 📋 [DLQ] Queue game.dlq.failed.q: attempting to peek up to 1000 messages
2025/08/16 17:32:40 📋 [DLQ] Queue game.dlq.failed.q: retrieved 0 messages
2025/08/16 17:32:40 📋 [DLQ] Queue game.dlq.retry.q: attempting to peek up to 1000 messages
2025/08/16 17:32:40 📋 [DLQ] Queue game.dlq.retry.q: retrieved 0 messages
2025/08/16 17:32:40 📋 [DLQ] Queue game.dlq.unroutable.q: attempting to peek up to 1000 messages
2025/08/16 17:32:40 📋 [DLQ] Queue game.dlq.unroutable.q: retrieved 0 messages
[GIN] 2025/08/16 - 17:32:40 | 200 |      9.6235ms |             ::1 | GET      "/api/dlq/list"
2025/08/16 17:32:40 📋 [DLQ] Queue game.dlq.expired.q: attempting to peek up to 1000 messages
2025/08/16 17:32:40 📋 [DLQ] Queue game.dlq.expired.q: retrieved 0 messages
2025/08/16 17:32:40 📋 [DLQ] Queue game.dlq.failed.q: attempting to peek up to 1000 messages
2025/08/16 17:32:40 📋 [DLQ] Queue game.dlq.failed.q: retrieved 0 messages
2025/08/16 17:32:40 📋 [DLQ] Queue game.dlq.retry.q: attempting to peek up to 1000 messages
2025/08/16 17:32:40 📊 [RabbitMQ-Go] Derived metrics: 4 queues, 0 total pending, 0 consumers
[GIN] 2025/08/16 - 17:32:40 | 200 |    1.617709ms |             ::1 | GET      "/api/rabbitmq/metrics"
2025/08/16 17:32:40 📋 [DLQ] Queue game.dlq.retry.q: retrieved 0 messages
2025/08/16 17:32:40 📋 [DLQ] Queue game.dlq.unroutable.q: attempting to peek up to 1000 messages
2025/08/16 17:32:40 📋 [DLQ] Queue game.dlq.unroutable.q: retrieved 0 messages
[GIN] 2025/08/16 - 17:32:40 | 200 |    7.699292ms |             ::1 | GET      "/api/dlq/list"
2025/08/16 17:32:41 📊 [RabbitMQ-Go] Derived metrics: 4 queues, 0 total pending, 0 consumers
[GIN] 2025/08/16 - 17:32:41 | 200 |      228.75µs |             ::1 | GET      "/api/workers/status"
[GIN] 2025/08/16 - 17:32:41 | 200 |         166µs |             ::1 | GET      "/api/workers/status"
[GIN] 2025/08/16 - 17:32:41 | 200 |       2.043ms |             ::1 | GET      "/api/pending/list"
2025/08/16 17:32:41 📋 [DLQ] Queue game.dlq.expired.q: attempting to peek up to 1000 messages
[GIN] 2025/08/16 - 17:32:41 | 200 |    3.235542ms |             ::1 | GET      "/api/rabbitmq/queues"
2025/08/16 17:32:41 📋 [DLQ] Queue game.dlq.expired.q: retrieved 0 messages
2025/08/16 17:32:41 📋 [DLQ] Queue game.dlq.failed.q: attempting to peek up to 1000 messages
2025/08/16 17:32:41 📋 [DLQ] Queue game.dlq.failed.q: retrieved 0 messages
2025/08/16 17:32:41 📋 [DLQ] Queue game.dlq.retry.q: attempting to peek up to 1000 messages
2025/08/16 17:32:41 📋 [DLQ] Queue game.dlq.retry.q: retrieved 0 messages
2025/08/16 17:32:41 📋 [DLQ] Queue game.dlq.unroutable.q: attempting to peek up to 1000 messages
2025/08/16 17:32:41 📋 [DLQ] Queue game.dlq.unroutable.q: retrieved 0 messages
[GIN] 2025/08/16 - 17:32:41 | 200 |   11.225625ms |             ::1 | GET      "/api/dlq/list"
2025/08/16 17:32:41 📋 [DLQ] Queue game.dlq.expired.q: attempting to peek up to 1000 messages
2025/08/16 17:32:41 📋 [DLQ] Queue game.dlq.expired.q: retrieved 0 messages
2025/08/16 17:32:41 📋 [DLQ] Queue game.dlq.failed.q: attempting to peek up to 1000 messages
2025/08/16 17:32:41 📋 [DLQ] Queue game.dlq.failed.q: retrieved 0 messages
2025/08/16 17:32:41 📋 [DLQ] Queue game.dlq.retry.q: attempting to peek up to 1000 messages
2025/08/16 17:32:41 📊 [RabbitMQ-Go] Derived metrics: 4 queues, 0 total pending, 0 consumers
[GIN] 2025/08/16 - 17:32:41 | 200 |     1.76825ms |             ::1 | GET      "/api/rabbitmq/metrics"
2025/08/16 17:32:41 📋 [DLQ] Queue game.dlq.retry.q: retrieved 0 messages
2025/08/16 17:32:41 📋 [DLQ] Queue game.dlq.unroutable.q: attempting to peek up to 1000 messages
2025/08/16 17:32:41 📋 [DLQ] Queue game.dlq.unroutable.q: retrieved 0 messages
[GIN] 2025/08/16 - 17:32:41 | 200 |      8.7395ms |             ::1 | GET      "/api/dlq/list"
[GIN] 2025/08/16 - 17:32:41 | 200 |     289.459µs |             ::1 | GET      "/api/workers/status"
[GIN] 2025/08/16 - 17:32:41 | 200 |      170.25µs |             ::1 | GET      "/api/workers/status"
[GIN] 2025/08/16 - 17:32:41 | 200 |    2.767417ms |             ::1 | GET      "/api/pending/list"
2025/08/16 17:32:41 📋 [DLQ] Queue game.dlq.expired.q: attempting to peek up to 1000 messages
[GIN] 2025/08/16 - 17:32:41 | 200 |    3.244291ms |             ::1 | GET      "/api/rabbitmq/queues"
2025/08/16 17:32:41 📋 [DLQ] Queue game.dlq.expired.q: retrieved 0 messages
2025/08/16 17:32:41 📋 [DLQ] Queue game.dlq.failed.q: attempting to peek up to 1000 messages
2025/08/16 17:32:41 📋 [DLQ] Queue game.dlq.failed.q: retrieved 0 messages
2025/08/16 17:32:41 📋 [DLQ] Queue game.dlq.retry.q: attempting to peek up to 1000 messages
2025/08/16 17:32:41 📋 [DLQ] Queue game.dlq.retry.q: retrieved 0 messages
2025/08/16 17:32:41 📋 [DLQ] Queue game.dlq.unroutable.q: attempting to peek up to 1000 messages
2025/08/16 17:32:41 📋 [DLQ] Queue game.dlq.unroutable.q: retrieved 0 messages
[GIN] 2025/08/16 - 17:32:41 | 200 |   13.389333ms |             ::1 | GET      "/api/dlq/list"
2025/08/16 17:32:41 📋 [DLQ] Queue game.dlq.expired.q: attempting to peek up to 1000 messages
2025/08/16 17:32:41 📊 [RabbitMQ-Go] Derived metrics: 4 queues, 0 total pending, 0 consumers
[GIN] 2025/08/16 - 17:32:41 | 200 |    2.679167ms |             ::1 | GET      "/api/rabbitmq/metrics"
2025/08/16 17:32:41 📋 [DLQ] Queue game.dlq.expired.q: retrieved 0 messages
2025/08/16 17:32:41 📋 [DLQ] Queue game.dlq.failed.q: attempting to peek up to 1000 messages
2025/08/16 17:32:41 📋 [DLQ] Queue game.dlq.failed.q: retrieved 0 messages
2025/08/16 17:32:41 📋 [DLQ] Queue game.dlq.retry.q: attempting to peek up to 1000 messages
2025/08/16 17:32:41 📋 [DLQ] Queue game.dlq.retry.q: retrieved 0 messages
2025/08/16 17:32:41 📋 [DLQ] Queue game.dlq.unroutable.q: attempting to peek up to 1000 messages
2025/08/16 17:32:41 📋 [DLQ] Queue game.dlq.unroutable.q: retrieved 0 messages
[GIN] 2025/08/16 - 17:32:41 | 200 |   10.124333ms |             ::1 | GET      "/api/dlq/list"
[GIN] 2025/08/16 - 17:32:42 | 200 |     390.834µs |             ::1 | GET      "/api/workers/status"
[GIN] 2025/08/16 - 17:32:42 | 200 |     262.542µs |             ::1 | GET      "/api/workers/status"
2025/08/16 17:32:42 📋 [DLQ] Queue game.dlq.expired.q: attempting to peek up to 1000 messages
[GIN] 2025/08/16 - 17:32:42 | 200 |    2.972125ms |             ::1 | GET      "/api/rabbitmq/queues"
[GIN] 2025/08/16 - 17:32:42 | 200 |    3.444333ms |             ::1 | GET      "/api/pending/list"
2025/08/16 17:32:42 📋 [DLQ] Queue game.dlq.expired.q: retrieved 0 messages
2025/08/16 17:32:42 📋 [DLQ] Queue game.dlq.failed.q: attempting to peek up to 1000 messages
2025/08/16 17:32:42 📋 [DLQ] Queue game.dlq.failed.q: retrieved 0 messages
2025/08/16 17:32:42 📋 [DLQ] Queue game.dlq.retry.q: attempting to peek up to 1000 messages
2025/08/16 17:32:42 📋 [DLQ] Queue game.dlq.retry.q: retrieved 0 messages
2025/08/16 17:32:42 📋 [DLQ] Queue game.dlq.unroutable.q: attempting to peek up to 1000 messages
2025/08/16 17:32:42 📋 [DLQ] Queue game.dlq.unroutable.q: retrieved 0 messages
[GIN] 2025/08/16 - 17:32:42 | 200 |       13.76ms |             ::1 | GET      "/api/dlq/list"
2025/08/16 17:32:42 📋 [DLQ] Queue game.dlq.expired.q: attempting to peek up to 1000 messages
2025/08/16 17:32:42 📋 [DLQ] Queue game.dlq.expired.q: retrieved 0 messages
2025/08/16 17:32:42 📋 [DLQ] Queue game.dlq.failed.q: attempting to peek up to 1000 messages
2025/08/16 17:32:42 📋 [DLQ] Queue game.dlq.failed.q: retrieved 0 messages
2025/08/16 17:32:42 📋 [DLQ] Queue game.dlq.retry.q: attempting to peek up to 1000 messages
2025/08/16 17:32:42 📋 [DLQ] Queue game.dlq.retry.q: retrieved 0 messages
2025/08/16 17:32:42 📋 [DLQ] Queue game.dlq.unroutable.q: attempting to peek up to 1000 messages
2025/08/16 17:32:42 📋 [DLQ] Queue game.dlq.unroutable.q: retrieved 0 messages
[GIN] 2025/08/16 - 17:32:42 | 200 |       9.241ms |             ::1 | GET      "/api/dlq/list"
2025/08/16 17:32:42 📊 [RabbitMQ-Go] Derived metrics: 4 queues, 0 total pending, 0 consumers
[GIN] 2025/08/16 - 17:32:42 | 200 |    2.138833ms |             ::1 | GET      "/api/rabbitmq/metrics"
2025/08/16 17:32:42 📋 [DLQ] Queue game.dlq.expired.q: attempting to peek up to 1000 messages
2025/08/16 17:32:42 📋 [DLQ] Queue game.dlq.expired.q: retrieved 0 messages
2025/08/16 17:32:42 📋 [DLQ] Queue game.dlq.failed.q: attempting to peek up to 1000 messages
2025/08/16 17:32:42 📋 [DLQ] Queue game.dlq.failed.q: retrieved 0 messages
2025/08/16 17:32:42 📋 [DLQ] Queue game.dlq.retry.q: attempting to peek up to 1000 messages
2025/08/16 17:32:42 📋 [DLQ] Queue game.dlq.retry.q: retrieved 0 messages
2025/08/16 17:32:42 📋 [DLQ] Queue game.dlq.unroutable.q: attempting to peek up to 1000 messages
2025/08/16 17:32:42 📋 [DLQ] Queue game.dlq.unroutable.q: retrieved 0 messages
[GIN] 2025/08/16 - 17:32:42 | 200 |     214.792µs |             ::1 | GET      "/api/workers/status"
[GIN] 2025/08/16 - 17:32:42 | 200 |     155.333µs |             ::1 | GET      "/api/workers/status"
2025/08/16 17:32:42 📋 [DLQ] Queue game.dlq.expired.q: attempting to peek up to 1000 messages
[GIN] 2025/08/16 - 17:32:42 | 200 |    2.250834ms |             ::1 | GET      "/api/pending/list"
[GIN] 2025/08/16 - 17:32:42 | 200 |     3.13325ms |             ::1 | GET      "/api/rabbitmq/queues"
2025/08/16 17:32:42 📋 [DLQ] Queue game.dlq.expired.q: retrieved 0 messages
2025/08/16 17:32:42 📋 [DLQ] Queue game.dlq.failed.q: attempting to peek up to 1000 messages
2025/08/16 17:32:42 📋 [DLQ] Queue game.dlq.failed.q: retrieved 0 messages
2025/08/16 17:32:42 📋 [DLQ] Queue game.dlq.retry.q: attempting to peek up to 1000 messages
2025/08/16 17:32:42 📋 [DLQ] Queue game.dlq.retry.q: retrieved 0 messages
2025/08/16 17:32:42 📋 [DLQ] Queue game.dlq.unroutable.q: attempting to peek up to 1000 messages
2025/08/16 17:32:42 📋 [DLQ] Queue game.dlq.unroutable.q: retrieved 0 messages
[GIN] 2025/08/16 - 17:32:42 | 200 |     10.8005ms |             ::1 | GET      "/api/dlq/list"
2025/08/16 17:32:42 📋 [DLQ] Queue game.dlq.expired.q: attempting to peek up to 1000 messages
2025/08/16 17:32:42 📊 [RabbitMQ-Go] Derived metrics: 4 queues, 0 total pending, 0 consumers
[GIN] 2025/08/16 - 17:32:42 | 200 |    1.538042ms |             ::1 | GET      "/api/rabbitmq/metrics"
2025/08/16 17:32:42 📋 [DLQ] Queue game.dlq.expired.q: retrieved 0 messages
2025/08/16 17:32:42 📋 [DLQ] Queue game.dlq.failed.q: attempting to peek up to 1000 messages
2025/08/16 17:32:42 📋 [DLQ] Queue game.dlq.failed.q: retrieved 0 messages
2025/08/16 17:32:42 📋 [DLQ] Queue game.dlq.retry.q: attempting to peek up to 1000 messages
2025/08/16 17:32:42 📋 [DLQ] Queue game.dlq.retry.q: retrieved 0 messages
2025/08/16 17:32:42 📋 [DLQ] Queue game.dlq.unroutable.q: attempting to peek up to 1000 messages
2025/08/16 17:32:42 📋 [DLQ] Queue game.dlq.unroutable.q: retrieved 0 messages
[GIN] 2025/08/16 - 17:32:42 | 200 |    8.433125ms |             ::1 | GET      "/api/dlq/list"
2025/08/16 17:32:43 📊 [RabbitMQ-Go] Derived metrics: 4 queues, 0 total pending, 0 consumers
[GIN] 2025/08/16 - 17:32:43 | 200 |     328.334µs |             ::1 | GET      "/api/workers/status"
[GIN] 2025/08/16 - 17:32:43 | 200 |     220.417µs |             ::1 | GET      "/api/workers/status"
2025/08/16 17:32:43 📋 [DLQ] Queue game.dlq.expired.q: attempting to peek up to 1000 messages
[GIN] 2025/08/16 - 17:32:43 | 200 |    2.302416ms |             ::1 | GET      "/api/pending/list"
[GIN] 2025/08/16 - 17:32:43 | 200 |    2.917292ms |             ::1 | GET      "/api/rabbitmq/queues"
2025/08/16 17:32:43 📋 [DLQ] Queue game.dlq.expired.q: retrieved 0 messages
2025/08/16 17:32:43 📋 [DLQ] Queue game.dlq.failed.q: attempting to peek up to 1000 messages
2025/08/16 17:32:43 📋 [DLQ] Queue game.dlq.failed.q: retrieved 0 messages
2025/08/16 17:32:43 📋 [DLQ] Queue game.dlq.retry.q: attempting to peek up to 1000 messages
2025/08/16 17:32:43 📋 [DLQ] Queue game.dlq.retry.q: retrieved 0 messages
2025/08/16 17:32:43 📋 [DLQ] Queue game.dlq.unroutable.q: attempting to peek up to 1000 messages
2025/08/16 17:32:43 📋 [DLQ] Queue game.dlq.unroutable.q: retrieved 0 messages
[GIN] 2025/08/16 - 17:32:43 | 200 |   11.299167ms |             ::1 | GET      "/api/dlq/list"
2025/08/16 17:32:43 📋 [DLQ] Queue game.dlq.expired.q: attempting to peek up to 1000 messages
2025/08/16 17:32:43 📊 [RabbitMQ-Go] Derived metrics: 4 queues, 0 total pending, 0 consumers
[GIN] 2025/08/16 - 17:32:43 | 200 |    2.212542ms |             ::1 | GET      "/api/rabbitmq/metrics"
2025/08/16 17:32:43 📋 [DLQ] Queue game.dlq.expired.q: retrieved 0 messages
2025/08/16 17:32:43 📋 [DLQ] Queue game.dlq.failed.q: attempting to peek up to 1000 messages
2025/08/16 17:32:43 📋 [DLQ] Queue game.dlq.failed.q: retrieved 0 messages
2025/08/16 17:32:43 📋 [DLQ] Queue game.dlq.retry.q: attempting to peek up to 1000 messages
2025/08/16 17:32:43 📋 [DLQ] Queue game.dlq.retry.q: retrieved 0 messages
2025/08/16 17:32:43 📋 [DLQ] Queue game.dlq.unroutable.q: attempting to peek up to 1000 messages
2025/08/16 17:32:43 📋 [DLQ] Queue game.dlq.unroutable.q: retrieved 0 messages
[GIN] 2025/08/16 - 17:32:43 | 200 |    8.723333ms |             ::1 | GET      "/api/dlq/list"
2025/08/16 17:32:43 ⚠️  [WebSocket] Broadcast channel full, dropping message
2025/08/16 17:32:43 📨 [RabbitMQ] Published message to game.quest.escort: q-1755358363-860655000
2025/08/16 17:32:43 ⚠️  [WebSocket] Broadcast channel full, dropping message
[GIN] 2025/08/16 - 17:32:43 | 200 |     248.625µs |             ::1 | GET      "/api/workers/status"
[GIN] 2025/08/16 - 17:32:43 | 200 |     202.541µs |             ::1 | GET      "/api/workers/status"
2025/08/16 17:32:43 📋 [DLQ] Queue game.dlq.expired.q: attempting to peek up to 1000 messages
[GIN] 2025/08/16 - 17:32:43 | 200 |    2.507459ms |             ::1 | GET      "/api/pending/list"
[GIN] 2025/08/16 - 17:32:43 | 200 |    3.545042ms |             ::1 | GET      "/api/rabbitmq/queues"
2025/08/16 17:32:43 📋 [DLQ] Queue game.dlq.expired.q: retrieved 0 messages
2025/08/16 17:32:43 📋 [DLQ] Queue game.dlq.failed.q: attempting to peek up to 1000 messages
2025/08/16 17:32:43 📋 [DLQ] Queue game.dlq.failed.q: retrieved 0 messages
2025/08/16 17:32:43 📋 [DLQ] Queue game.dlq.retry.q: attempting to peek up to 1000 messages
2025/08/16 17:32:43 📋 [DLQ] Queue game.dlq.retry.q: retrieved 0 messages
2025/08/16 17:32:43 📋 [DLQ] Queue game.dlq.unroutable.q: attempting to peek up to 1000 messages
2025/08/16 17:32:43 📋 [DLQ] Queue game.dlq.unroutable.q: retrieved 1 messages
2025/08/16 17:32:43 🔍 [DLQ Categorize] Queue: game.dlq.unroutable.q
[GIN] 2025/08/16 - 17:32:43 | 200 |   11.450208ms |             ::1 | GET      "/api/dlq/list"
2025/08/16 17:32:43 📋 [DLQ] Queue game.dlq.expired.q: attempting to peek up to 1000 messages
2025/08/16 17:32:43 📋 [DLQ] Queue game.dlq.expired.q: retrieved 0 messages
2025/08/16 17:32:43 📋 [DLQ] Queue game.dlq.failed.q: attempting to peek up to 1000 messages
2025/08/16 17:32:43 📋 [DLQ] Queue game.dlq.failed.q: retrieved 0 messages
2025/08/16 17:32:43 📋 [DLQ] Queue game.dlq.retry.q: attempting to peek up to 1000 messages
2025/08/16 17:32:43 📊 [RabbitMQ-Go] Derived metrics: 4 queues, 0 total pending, 0 consumers
[GIN] 2025/08/16 - 17:32:43 | 200 |    2.963834ms |             ::1 | GET      "/api/rabbitmq/metrics"
2025/08/16 17:32:43 📋 [DLQ] Queue game.dlq.retry.q: retrieved 0 messages
2025/08/16 17:32:43 📋 [DLQ] Queue game.dlq.unroutable.q: attempting to peek up to 1000 messages
2025/08/16 17:32:43 📋 [DLQ] Queue game.dlq.unroutable.q: retrieved 1 messages
2025/08/16 17:32:43 🔍 [DLQ Categorize] Queue: game.dlq.unroutable.q
[GIN] 2025/08/16 - 17:32:43 | 200 |   10.410584ms |             ::1 | GET      "/api/dlq/list"
[GIN] 2025/08/16 - 17:32:44 | 200 |     348.875µs |             ::1 | GET      "/api/workers/status"
[GIN] 2025/08/16 - 17:32:44 | 200 |     305.833µs |             ::1 | GET      "/api/workers/status"
[GIN] 2025/08/16 - 17:32:44 | 200 |    2.600959ms |             ::1 | GET      "/api/pending/list"
2025/08/16 17:32:44 📋 [DLQ] Queue game.dlq.expired.q: attempting to peek up to 1000 messages
[GIN] 2025/08/16 - 17:32:44 | 200 |    3.952625ms |             ::1 | GET      "/api/rabbitmq/queues"
2025/08/16 17:32:44 📋 [DLQ] Queue game.dlq.expired.q: retrieved 0 messages
2025/08/16 17:32:44 📋 [DLQ] Queue game.dlq.failed.q: attempting to peek up to 1000 messages
2025/08/16 17:32:44 📋 [DLQ] Queue game.dlq.failed.q: retrieved 0 messages
2025/08/16 17:32:44 📋 [DLQ] Queue game.dlq.retry.q: attempting to peek up to 1000 messages
2025/08/16 17:32:44 📋 [DLQ] Queue game.dlq.retry.q: retrieved 0 messages
2025/08/16 17:32:44 📋 [DLQ] Queue game.dlq.unroutable.q: attempting to peek up to 1000 messages
2025/08/16 17:32:44 📋 [DLQ] Queue game.dlq.unroutable.q: retrieved 1 messages
2025/08/16 17:32:44 🔍 [DLQ Categorize] Queue: game.dlq.unroutable.q
[GIN] 2025/08/16 - 17:32:44 | 200 |   11.768375ms |             ::1 | GET      "/api/dlq/list"
2025/08/16 17:32:44 📋 [DLQ] Queue game.dlq.expired.q: attempting to peek up to 1000 messages
2025/08/16 17:32:44 📋 [DLQ] Queue game.dlq.expired.q: retrieved 0 messages
2025/08/16 17:32:44 📋 [DLQ] Queue game.dlq.failed.q: attempting to peek up to 1000 messages
2025/08/16 17:32:44 📊 [RabbitMQ-Go] Derived metrics: 4 queues, 0 total pending, 0 consumers
[GIN] 2025/08/16 - 17:32:44 | 200 |    1.970792ms |             ::1 | GET      "/api/rabbitmq/metrics"
2025/08/16 17:32:44 📋 [DLQ] Queue game.dlq.failed.q: retrieved 0 messages
2025/08/16 17:32:44 📋 [DLQ] Queue game.dlq.retry.q: attempting to peek up to 1000 messages
2025/08/16 17:32:44 📋 [DLQ] Queue game.dlq.retry.q: retrieved 0 messages
2025/08/16 17:32:44 📋 [DLQ] Queue game.dlq.unroutable.q: attempting to peek up to 1000 messages
2025/08/16 17:32:44 📋 [DLQ] Queue game.dlq.unroutable.q: retrieved 1 messages
2025/08/16 17:32:44 🔍 [DLQ Categorize] Queue: game.dlq.unroutable.q
[GIN] 2025/08/16 - 17:32:44 | 200 |    8.752333ms |             ::1 | GET      "/api/dlq/list"
[GIN] 2025/08/16 - 17:32:44 | 200 |     287.625µs |             ::1 | GET      "/api/workers/status"
[GIN] 2025/08/16 - 17:32:44 | 200 |     317.334µs |             ::1 | GET      "/api/workers/status"
2025/08/16 17:32:44 📋 [DLQ] Queue game.dlq.expired.q: attempting to peek up to 1000 messages
[GIN] 2025/08/16 - 17:32:44 | 200 |    2.896041ms |             ::1 | GET      "/api/pending/list"
[GIN] 2025/08/16 - 17:32:44 | 200 |    3.667166ms |             ::1 | GET      "/api/rabbitmq/queues"
2025/08/16 17:32:44 📋 [DLQ] Queue game.dlq.expired.q: retrieved 0 messages
2025/08/16 17:32:44 📋 [DLQ] Queue game.dlq.failed.q: attempting to peek up to 1000 messages
2025/08/16 17:32:44 📋 [DLQ] Queue game.dlq.failed.q: retrieved 0 messages
2025/08/16 17:32:44 📋 [DLQ] Queue game.dlq.retry.q: attempting to peek up to 1000 messages
2025/08/16 17:32:44 📋 [DLQ] Queue game.dlq.retry.q: retrieved 0 messages
2025/08/16 17:32:44 📋 [DLQ] Queue game.dlq.unroutable.q: attempting to peek up to 1000 messages
2025/08/16 17:32:44 📋 [DLQ] Queue game.dlq.unroutable.q: retrieved 1 messages
2025/08/16 17:32:44 🔍 [DLQ Categorize] Queue: game.dlq.unroutable.q
[GIN] 2025/08/16 - 17:32:44 | 200 |    14.38175ms |             ::1 | GET      "/api/dlq/list"
2025/08/16 17:32:44 📋 [DLQ] Queue game.dlq.expired.q: attempting to peek up to 1000 messages
2025/08/16 17:32:44 📋 [DLQ] Queue game.dlq.expired.q: retrieved 0 messages
2025/08/16 17:32:44 📋 [DLQ] Queue game.dlq.failed.q: attempting to peek up to 1000 messages
2025/08/16 17:32:44 📊 [RabbitMQ-Go] Derived metrics: 4 queues, 0 total pending, 0 consumers
[GIN] 2025/08/16 - 17:32:44 | 200 |    1.991208ms |             ::1 | GET      "/api/rabbitmq/metrics"
2025/08/16 17:32:44 📋 [DLQ] Queue game.dlq.failed.q: retrieved 0 messages
2025/08/16 17:32:44 📋 [DLQ] Queue game.dlq.retry.q: attempting to peek up to 1000 messages
2025/08/16 17:32:44 📋 [DLQ] Queue game.dlq.retry.q: retrieved 0 messages
2025/08/16 17:32:44 📋 [DLQ] Queue game.dlq.unroutable.q: attempting to peek up to 1000 messages
2025/08/16 17:32:44 📋 [DLQ] Queue game.dlq.unroutable.q: retrieved 1 messages
2025/08/16 17:32:44 🔍 [DLQ Categorize] Queue: game.dlq.unroutable.q
[GIN] 2025/08/16 - 17:32:44 | 200 |   10.136875ms |             ::1 | GET      "/api/dlq/list"
2025/08/16 17:32:45 📊 [RabbitMQ-Go] Derived metrics: 4 queues, 0 total pending, 0 consumers
[GIN] 2025/08/16 - 17:32:45 | 200 |     252.125µs |             ::1 | GET      "/api/workers/status"
[GIN] 2025/08/16 - 17:32:45 | 200 |     190.167µs |             ::1 | GET      "/api/workers/status"
2025/08/16 17:32:45 📋 [DLQ] Queue game.dlq.expired.q: attempting to peek up to 1000 messages
[GIN] 2025/08/16 - 17:32:45 | 200 |     2.44475ms |             ::1 | GET      "/api/rabbitmq/queues"
[GIN] 2025/08/16 - 17:32:45 | 200 |    2.473625ms |             ::1 | GET      "/api/pending/list"
2025/08/16 17:32:45 📋 [DLQ] Queue game.dlq.expired.q: retrieved 0 messages
2025/08/16 17:32:45 📋 [DLQ] Queue game.dlq.failed.q: attempting to peek up to 1000 messages
2025/08/16 17:32:45 📋 [DLQ] Queue game.dlq.failed.q: retrieved 0 messages
2025/08/16 17:32:45 📋 [DLQ] Queue game.dlq.retry.q: attempting to peek up to 1000 messages
2025/08/16 17:32:45 📋 [DLQ] Queue game.dlq.retry.q: retrieved 0 messages
2025/08/16 17:32:45 📋 [DLQ] Queue game.dlq.unroutable.q: attempting to peek up to 1000 messages
2025/08/16 17:32:45 📋 [DLQ] Queue game.dlq.unroutable.q: retrieved 1 messages
2025/08/16 17:32:45 🔍 [DLQ Categorize] Queue: game.dlq.unroutable.q
[GIN] 2025/08/16 - 17:32:45 | 200 |   10.422375ms |             ::1 | GET      "/api/dlq/list"
2025/08/16 17:32:45 📋 [DLQ] Queue game.dlq.expired.q: attempting to peek up to 1000 messages
2025/08/16 17:32:45 📊 [RabbitMQ-Go] Derived metrics: 4 queues, 0 total pending, 0 consumers
[GIN] 2025/08/16 - 17:32:45 | 200 |    2.034625ms |             ::1 | GET      "/api/rabbitmq/metrics"
2025/08/16 17:32:45 📋 [DLQ] Queue game.dlq.expired.q: retrieved 0 messages
2025/08/16 17:32:45 📋 [DLQ] Queue game.dlq.failed.q: attempting to peek up to 1000 messages
2025/08/16 17:32:45 📋 [DLQ] Queue game.dlq.failed.q: retrieved 0 messages
2025/08/16 17:32:45 📋 [DLQ] Queue game.dlq.retry.q: attempting to peek up to 1000 messages
2025/08/16 17:32:45 📋 [DLQ] Queue game.dlq.retry.q: retrieved 0 messages
2025/08/16 17:32:45 📋 [DLQ] Queue game.dlq.unroutable.q: attempting to peek up to 1000 messages
2025/08/16 17:32:45 📋 [DLQ] Queue game.dlq.unroutable.q: retrieved 1 messages
2025/08/16 17:32:45 🔍 [DLQ Categorize] Queue: game.dlq.unroutable.q
[GIN] 2025/08/16 - 17:32:45 | 200 |    8.968083ms |             ::1 | GET      "/api/dlq/list"
[GIN] 2025/08/16 - 17:32:45 | 200 |      572.25µs |             ::1 | GET      "/api/workers/status"
[GIN] 2025/08/16 - 17:32:45 | 200 |     363.583µs |             ::1 | GET      "/api/workers/status"
[GIN] 2025/08/16 - 17:32:45 | 200 |    4.412375ms |             ::1 | GET      "/api/pending/list"
[GIN] 2025/08/16 - 17:32:45 | 200 |    4.765208ms |             ::1 | GET      "/api/rabbitmq/queues"
2025/08/16 17:32:45 📋 [DLQ] Queue game.dlq.expired.q: attempting to peek up to 1000 messages
2025/08/16 17:32:45 📋 [DLQ] Queue game.dlq.expired.q: retrieved 0 messages
2025/08/16 17:32:45 📋 [DLQ] Queue game.dlq.failed.q: attempting to peek up to 1000 messages
2025/08/16 17:32:45 📋 [DLQ] Queue game.dlq.failed.q: retrieved 0 messages
2025/08/16 17:32:45 📋 [DLQ] Queue game.dlq.retry.q: attempting to peek up to 1000 messages
2025/08/16 17:32:45 📋 [DLQ] Queue game.dlq.retry.q: retrieved 0 messages
2025/08/16 17:32:45 📋 [DLQ] Queue game.dlq.unroutable.q: attempting to peek up to 1000 messages
2025/08/16 17:32:45 📋 [DLQ] Queue game.dlq.unroutable.q: retrieved 1 messages
2025/08/16 17:32:45 🔍 [DLQ Categorize] Queue: game.dlq.unroutable.q
[GIN] 2025/08/16 - 17:32:45 | 200 |   18.123667ms |             ::1 | GET      "/api/dlq/list"
2025/08/16 17:32:45 📋 [DLQ] Queue game.dlq.expired.q: attempting to peek up to 1000 messages
2025/08/16 17:32:45 📊 [RabbitMQ-Go] Derived metrics: 4 queues, 1 total pending, 0 consumers
[GIN] 2025/08/16 - 17:32:45 | 200 |    2.517542ms |             ::1 | GET      "/api/rabbitmq/metrics"
2025/08/16 17:32:45 📋 [DLQ] Queue game.dlq.expired.q: retrieved 0 messages
2025/08/16 17:32:45 📋 [DLQ] Queue game.dlq.failed.q: attempting to peek up to 1000 messages
2025/08/16 17:32:45 📋 [DLQ] Queue game.dlq.failed.q: retrieved 0 messages
2025/08/16 17:32:45 📋 [DLQ] Queue game.dlq.retry.q: attempting to peek up to 1000 messages
2025/08/16 17:32:45 📋 [DLQ] Queue game.dlq.retry.q: retrieved 0 messages
2025/08/16 17:32:45 📋 [DLQ] Queue game.dlq.unroutable.q: attempting to peek up to 1000 messages
2025/08/16 17:32:45 📋 [DLQ] Queue game.dlq.unroutable.q: retrieved 1 messages
2025/08/16 17:32:45 🔍 [DLQ Categorize] Queue: game.dlq.unroutable.q
[GIN] 2025/08/16 - 17:32:45 | 200 |   11.013875ms |             ::1 | GET      "/api/dlq/list"
[GIN] 2025/08/16 - 17:32:46 | 200 |     939.333µs |             ::1 | GET      "/api/workers/status"
[GIN] 2025/08/16 - 17:32:46 | 200 |     506.708µs |             ::1 | GET      "/api/workers/status"
2025/08/16 17:32:46 📋 [DLQ] Queue game.dlq.expired.q: attempting to peek up to 1000 messages
[GIN] 2025/08/16 - 17:32:46 | 200 |    3.642709ms |             ::1 | GET      "/api/rabbitmq/queues"
[GIN] 2025/08/16 - 17:32:46 | 200 |    4.412042ms |             ::1 | GET      "/api/pending/list"
2025/08/16 17:32:46 📋 [DLQ] Queue game.dlq.expired.q: retrieved 0 messages
2025/08/16 17:32:46 📋 [DLQ] Queue game.dlq.failed.q: attempting to peek up to 1000 messages
2025/08/16 17:32:46 📋 [DLQ] Queue game.dlq.failed.q: retrieved 0 messages
2025/08/16 17:32:46 📋 [DLQ] Queue game.dlq.retry.q: attempting to peek up to 1000 messages
2025/08/16 17:32:46 📋 [DLQ] Queue game.dlq.retry.q: retrieved 0 messages
2025/08/16 17:32:46 📋 [DLQ] Queue game.dlq.unroutable.q: attempting to peek up to 1000 messages
2025/08/16 17:32:46 📋 [DLQ] Queue game.dlq.unroutable.q: retrieved 1 messages
2025/08/16 17:32:46 🔍 [DLQ Categorize] Queue: game.dlq.unroutable.q
[GIN] 2025/08/16 - 17:32:46 | 200 |   12.417625ms |             ::1 | GET      "/api/dlq/list"
2025/08/16 17:32:46 📋 [DLQ] Queue game.dlq.expired.q: attempting to peek up to 1000 messages
2025/08/16 17:32:46 📊 [RabbitMQ-Go] Derived metrics: 4 queues, 1 total pending, 0 consumers
[GIN] 2025/08/16 - 17:32:46 | 200 |    1.851083ms |             ::1 | GET      "/api/rabbitmq/metrics"
2025/08/16 17:32:46 📋 [DLQ] Queue game.dlq.expired.q: retrieved 0 messages
2025/08/16 17:32:46 📋 [DLQ] Queue game.dlq.failed.q: attempting to peek up to 1000 messages
2025/08/16 17:32:46 📋 [DLQ] Queue game.dlq.failed.q: retrieved 0 messages
2025/08/16 17:32:46 📋 [DLQ] Queue game.dlq.retry.q: attempting to peek up to 1000 messages
2025/08/16 17:32:46 📋 [DLQ] Queue game.dlq.retry.q: retrieved 0 messages
2025/08/16 17:32:46 📋 [DLQ] Queue game.dlq.unroutable.q: attempting to peek up to 1000 messages
2025/08/16 17:32:46 📋 [DLQ] Queue game.dlq.unroutable.q: retrieved 1 messages
2025/08/16 17:32:46 🔍 [DLQ Categorize] Queue: game.dlq.unroutable.q
[GIN] 2025/08/16 - 17:32:46 | 200 |    8.459084ms |             ::1 | GET      "/api/dlq/list"
2025/08/16 17:32:46 ⚠️  [WebSocket] Broadcast channel full, dropping message
2025/08/16 17:32:46 ⚠️  [WebSocket] Broadcast channel full, dropping message
2025/08/16 17:32:46 ⚠️  [WebSocket] Broadcast channel full, dropping message
[GIN] 2025/08/16 - 17:32:46 | 200 |      60.625µs |             ::1 | POST     "/api/go-workers/webhook/events"
[GIN] 2025/08/16 - 17:32:46 | 200 |     989.167µs |             ::1 | GET      "/api/workers/status"
[GIN] 2025/08/16 - 17:32:46 | 200 |     252.333µs |             ::1 | GET      "/api/workers/status"
[GIN] 2025/08/16 - 17:32:46 | 200 |     2.50325ms |             ::1 | GET      "/api/pending/list"
2025/08/16 17:32:46 📋 [DLQ] Queue game.dlq.expired.q: attempting to peek up to 1000 messages
[GIN] 2025/08/16 - 17:32:46 | 200 |    3.472333ms |             ::1 | GET      "/api/rabbitmq/queues"
2025/08/16 17:32:46 📋 [DLQ] Queue game.dlq.expired.q: retrieved 0 messages
2025/08/16 17:32:46 📋 [DLQ] Queue game.dlq.failed.q: attempting to peek up to 1000 messages
2025/08/16 17:32:46 📋 [DLQ] Queue game.dlq.failed.q: retrieved 0 messages
2025/08/16 17:32:46 📋 [DLQ] Queue game.dlq.retry.q: attempting to peek up to 1000 messages
2025/08/16 17:32:46 📋 [DLQ] Queue game.dlq.retry.q: retrieved 0 messages
2025/08/16 17:32:46 📋 [DLQ] Queue game.dlq.unroutable.q: attempting to peek up to 1000 messages
2025/08/16 17:32:46 📋 [DLQ] Queue game.dlq.unroutable.q: retrieved 1 messages
2025/08/16 17:32:46 🔍 [DLQ Categorize] Queue: game.dlq.unroutable.q
[GIN] 2025/08/16 - 17:32:46 | 200 |   12.387542ms |             ::1 | GET      "/api/dlq/list"
2025/08/16 17:32:46 📋 [DLQ] Queue game.dlq.expired.q: attempting to peek up to 1000 messages
2025/08/16 17:32:46 📊 [RabbitMQ-Go] Derived metrics: 5 queues, 1 total pending, 0 consumers
[GIN] 2025/08/16 - 17:32:46 | 200 |    2.330958ms |             ::1 | GET      "/api/rabbitmq/metrics"
2025/08/16 17:32:46 📋 [DLQ] Queue game.dlq.expired.q: retrieved 0 messages
2025/08/16 17:32:46 📋 [DLQ] Queue game.dlq.failed.q: attempting to peek up to 1000 messages
2025/08/16 17:32:46 📋 [DLQ] Queue game.dlq.failed.q: retrieved 0 messages
2025/08/16 17:32:46 📋 [DLQ] Queue game.dlq.retry.q: attempting to peek up to 1000 messages
2025/08/16 17:32:46 📋 [DLQ] Queue game.dlq.retry.q: retrieved 0 messages
2025/08/16 17:32:46 📋 [DLQ] Queue game.dlq.unroutable.q: attempting to peek up to 1000 messages
2025/08/16 17:32:46 📋 [DLQ] Queue game.dlq.unroutable.q: retrieved 1 messages
2025/08/16 17:32:46 🔍 [DLQ Categorize] Queue: game.dlq.unroutable.q
[GIN] 2025/08/16 - 17:32:46 | 200 |   10.687125ms |             ::1 | GET      "/api/dlq/list"
2025/08/16 17:32:47 📊 [RabbitMQ-Go] Derived metrics: 5 queues, 1 total pending, 0 consumers
[GIN] 2025/08/16 - 17:32:47 | 200 |     863.916µs |             ::1 | GET      "/api/workers/status"
[GIN] 2025/08/16 - 17:32:47 | 200 |     413.958µs |             ::1 | GET      "/api/workers/status"
[GIN] 2025/08/16 - 17:32:47 | 200 |    4.364209ms |             ::1 | GET      "/api/pending/list"
2025/08/16 17:32:47 📋 [DLQ] Queue game.dlq.expired.q: attempting to peek up to 1000 messages
[GIN] 2025/08/16 - 17:32:47 | 200 |    5.345958ms |             ::1 | GET      "/api/rabbitmq/queues"
2025/08/16 17:32:47 📋 [DLQ] Queue game.dlq.expired.q: retrieved 0 messages
2025/08/16 17:32:47 📋 [DLQ] Queue game.dlq.failed.q: attempting to peek up to 1000 messages
2025/08/16 17:32:47 📋 [DLQ] Queue game.dlq.failed.q: retrieved 0 messages
2025/08/16 17:32:47 📋 [DLQ] Queue game.dlq.retry.q: attempting to peek up to 1000 messages
2025/08/16 17:32:47 📋 [DLQ] Queue game.dlq.retry.q: retrieved 0 messages
2025/08/16 17:32:47 📋 [DLQ] Queue game.dlq.unroutable.q: attempting to peek up to 1000 messages
2025/08/16 17:32:47 📋 [DLQ] Queue game.dlq.unroutable.q: retrieved 1 messages
2025/08/16 17:32:47 🔍 [DLQ Categorize] Queue: game.dlq.unroutable.q
[GIN] 2025/08/16 - 17:32:47 | 200 |    14.81775ms |             ::1 | GET      "/api/dlq/list"
2025/08/16 17:32:47 📋 [DLQ] Queue game.dlq.expired.q: attempting to peek up to 1000 messages
2025/08/16 17:32:47 📊 [RabbitMQ-Go] Derived metrics: 5 queues, 1 total pending, 0 consumers
[GIN] 2025/08/16 - 17:32:47 | 200 |    2.058792ms |             ::1 | GET      "/api/rabbitmq/metrics"
2025/08/16 17:32:47 📋 [DLQ] Queue game.dlq.expired.q: retrieved 0 messages
2025/08/16 17:32:47 📋 [DLQ] Queue game.dlq.failed.q: attempting to peek up to 1000 messages
2025/08/16 17:32:47 📋 [DLQ] Queue game.dlq.failed.q: retrieved 0 messages
2025/08/16 17:32:47 📋 [DLQ] Queue game.dlq.retry.q: attempting to peek up to 1000 messages
2025/08/16 17:32:47 📋 [DLQ] Queue game.dlq.retry.q: retrieved 0 messages
2025/08/16 17:32:47 📋 [DLQ] Queue game.dlq.unroutable.q: attempting to peek up to 1000 messages
2025/08/16 17:32:47 📋 [DLQ] Queue game.dlq.unroutable.q: retrieved 1 messages
2025/08/16 17:32:47 🔍 [DLQ Categorize] Queue: game.dlq.unroutable.q
[GIN] 2025/08/16 - 17:32:47 | 200 |   10.257208ms |             ::1 | GET      "/api/dlq/list"
[GIN] 2025/08/16 - 17:32:47 | 200 |     433.125µs |             ::1 | GET      "/api/workers/status"
[GIN] 2025/08/16 - 17:32:47 | 200 |      461.75µs |             ::1 | GET      "/api/workers/status"
2025/08/16 17:32:47 📋 [DLQ] Queue game.dlq.expired.q: attempting to peek up to 1000 messages
[GIN] 2025/08/16 - 17:32:47 | 200 |    3.374208ms |             ::1 | GET      "/api/rabbitmq/queues"
[GIN] 2025/08/16 - 17:32:47 | 200 |    4.325459ms |             ::1 | GET      "/api/pending/list"
2025/08/16 17:32:47 📋 [DLQ] Queue game.dlq.expired.q: retrieved 0 messages
2025/08/16 17:32:47 📋 [DLQ] Queue game.dlq.failed.q: attempting to peek up to 1000 messages
2025/08/16 17:32:47 📋 [DLQ] Queue game.dlq.failed.q: retrieved 0 messages
2025/08/16 17:32:47 📋 [DLQ] Queue game.dlq.retry.q: attempting to peek up to 1000 messages
2025/08/16 17:32:47 📋 [DLQ] Queue game.dlq.retry.q: retrieved 0 messages
2025/08/16 17:32:47 📋 [DLQ] Queue game.dlq.unroutable.q: attempting to peek up to 1000 messages
2025/08/16 17:32:47 📋 [DLQ] Queue game.dlq.unroutable.q: retrieved 1 messages
2025/08/16 17:32:47 🔍 [DLQ Categorize] Queue: game.dlq.unroutable.q
[GIN] 2025/08/16 - 17:32:47 | 200 |   15.819541ms |             ::1 | GET      "/api/dlq/list"
2025/08/16 17:32:47 📋 [DLQ] Queue game.dlq.expired.q: attempting to peek up to 1000 messages
2025/08/16 17:32:47 📊 [RabbitMQ-Go] Derived metrics: 5 queues, 1 total pending, 0 consumers
[GIN] 2025/08/16 - 17:32:47 | 200 |    2.700417ms |             ::1 | GET      "/api/rabbitmq/metrics"
2025/08/16 17:32:47 📋 [DLQ] Queue game.dlq.expired.q: retrieved 0 messages
2025/08/16 17:32:47 📋 [DLQ] Queue game.dlq.failed.q: attempting to peek up to 1000 messages
2025/08/16 17:32:47 📋 [DLQ] Queue game.dlq.failed.q: retrieved 0 messages
2025/08/16 17:32:47 📋 [DLQ] Queue game.dlq.retry.q: attempting to peek up to 1000 messages
2025/08/16 17:32:47 📋 [DLQ] Queue game.dlq.retry.q: retrieved 0 messages
2025/08/16 17:32:47 📋 [DLQ] Queue game.dlq.unroutable.q: attempting to peek up to 1000 messages
2025/08/16 17:32:47 📋 [DLQ] Queue game.dlq.unroutable.q: retrieved 1 messages
2025/08/16 17:32:47 🔍 [DLQ Categorize] Queue: game.dlq.unroutable.q
[GIN] 2025/08/16 - 17:32:47 | 200 |    12.20325ms |             ::1 | GET      "/api/dlq/list"
[GIN] 2025/08/16 - 17:32:48 | 200 |      212.75µs |             ::1 | GET      "/api/workers/status"
[GIN] 2025/08/16 - 17:32:48 | 200 |     153.208µs |             ::1 | GET      "/api/workers/status"
2025/08/16 17:32:48 📋 [DLQ] Queue game.dlq.expired.q: attempting to peek up to 1000 messages
[GIN] 2025/08/16 - 17:32:48 | 200 |    2.296041ms |             ::1 | GET      "/api/pending/list"
[GIN] 2025/08/16 - 17:32:48 | 200 |    2.309334ms |             ::1 | GET      "/api/rabbitmq/queues"
2025/08/16 17:32:48 📋 [DLQ] Queue game.dlq.expired.q: retrieved 0 messages
2025/08/16 17:32:48 📋 [DLQ] Queue game.dlq.failed.q: attempting to peek up to 1000 messages
2025/08/16 17:32:48 📋 [DLQ] Queue game.dlq.failed.q: retrieved 0 messages
2025/08/16 17:32:48 📋 [DLQ] Queue game.dlq.retry.q: attempting to peek up to 1000 messages
2025/08/16 17:32:48 📋 [DLQ] Queue game.dlq.retry.q: retrieved 0 messages
2025/08/16 17:32:48 📋 [DLQ] Queue game.dlq.unroutable.q: attempting to peek up to 1000 messages
2025/08/16 17:32:48 📋 [DLQ] Queue game.dlq.unroutable.q: retrieved 1 messages
2025/08/16 17:32:48 🔍 [DLQ Categorize] Queue: game.dlq.unroutable.q
[GIN] 2025/08/16 - 17:32:48 | 200 |    9.322584ms |             ::1 | GET      "/api/dlq/list"
2025/08/16 17:32:48 📋 [DLQ] Queue game.dlq.expired.q: attempting to peek up to 1000 messages
2025/08/16 17:32:48 📊 [RabbitMQ-Go] Derived metrics: 5 queues, 1 total pending, 0 consumers
[GIN] 2025/08/16 - 17:32:48 | 200 |    1.474666ms |             ::1 | GET      "/api/rabbitmq/metrics"
2025/08/16 17:32:48 📋 [DLQ] Queue game.dlq.expired.q: retrieved 0 messages
2025/08/16 17:32:48 📋 [DLQ] Queue game.dlq.failed.q: attempting to peek up to 1000 messages
2025/08/16 17:32:48 📋 [DLQ] Queue game.dlq.failed.q: retrieved 0 messages
2025/08/16 17:32:48 📋 [DLQ] Queue game.dlq.retry.q: attempting to peek up to 1000 messages
2025/08/16 17:32:48 📋 [DLQ] Queue game.dlq.retry.q: retrieved 0 messages
2025/08/16 17:32:48 📋 [DLQ] Queue game.dlq.unroutable.q: attempting to peek up to 1000 messages
2025/08/16 17:32:48 📋 [DLQ] Queue game.dlq.unroutable.q: retrieved 1 messages
2025/08/16 17:32:48 🔍 [DLQ Categorize] Queue: game.dlq.unroutable.q
[GIN] 2025/08/16 - 17:32:48 | 200 |    7.754583ms |             ::1 | GET      "/api/dlq/list"
[GIN] 2025/08/16 - 17:32:48 | 200 |      383.75µs |             ::1 | GET      "/api/workers/status"
[GIN] 2025/08/16 - 17:32:48 | 200 |     239.291µs |             ::1 | GET      "/api/workers/status"
2025/08/16 17:32:48 📋 [DLQ] Queue game.dlq.expired.q: attempting to peek up to 1000 messages
[GIN] 2025/08/16 - 17:32:48 | 200 |    2.630167ms |             ::1 | GET      "/api/pending/list"
[GIN] 2025/08/16 - 17:32:48 | 200 |    4.393084ms |             ::1 | GET      "/api/rabbitmq/queues"
2025/08/16 17:32:48 📋 [DLQ] Queue game.dlq.expired.q: retrieved 0 messages
2025/08/16 17:32:48 📋 [DLQ] Queue game.dlq.failed.q: attempting to peek up to 1000 messages
2025/08/16 17:32:48 📋 [DLQ] Queue game.dlq.failed.q: retrieved 0 messages
2025/08/16 17:32:48 📋 [DLQ] Queue game.dlq.retry.q: attempting to peek up to 1000 messages
2025/08/16 17:32:48 📋 [DLQ] Queue game.dlq.retry.q: retrieved 0 messages
2025/08/16 17:32:48 📋 [DLQ] Queue game.dlq.unroutable.q: attempting to peek up to 1000 messages
2025/08/16 17:32:48 📋 [DLQ] Queue game.dlq.unroutable.q: retrieved 1 messages
2025/08/16 17:32:48 🔍 [DLQ Categorize] Queue: game.dlq.unroutable.q
[GIN] 2025/08/16 - 17:32:48 | 200 |   12.062666ms |             ::1 | GET      "/api/dlq/list"
2025/08/16 17:32:48 📋 [DLQ] Queue game.dlq.expired.q: attempting to peek up to 1000 messages
2025/08/16 17:32:48 📋 [DLQ] Queue game.dlq.expired.q: retrieved 0 messages
2025/08/16 17:32:48 📋 [DLQ] Queue game.dlq.failed.q: attempting to peek up to 1000 messages
2025/08/16 17:32:48 📊 [RabbitMQ-Go] Derived metrics: 5 queues, 1 total pending, 0 consumers
[GIN] 2025/08/16 - 17:32:48 | 200 |       2.012ms |             ::1 | GET      "/api/rabbitmq/metrics"
2025/08/16 17:32:48 📋 [DLQ] Queue game.dlq.failed.q: retrieved 0 messages
2025/08/16 17:32:48 📋 [DLQ] Queue game.dlq.retry.q: attempting to peek up to 1000 messages
2025/08/16 17:32:48 📋 [DLQ] Queue game.dlq.retry.q: retrieved 0 messages
2025/08/16 17:32:48 📋 [DLQ] Queue game.dlq.unroutable.q: attempting to peek up to 1000 messages
2025/08/16 17:32:48 📋 [DLQ] Queue game.dlq.unroutable.q: retrieved 1 messages
2025/08/16 17:32:48 🔍 [DLQ Categorize] Queue: game.dlq.unroutable.q
[GIN] 2025/08/16 - 17:32:48 | 200 |    8.055625ms |             ::1 | GET      "/api/dlq/list"
2025/08/16 17:32:49 📊 [RabbitMQ-Go] Derived metrics: 5 queues, 1 total pending, 0 consumers
[GIN] 2025/08/16 - 17:32:49 | 200 |     327.167µs |             ::1 | GET      "/api/workers/status"
[GIN] 2025/08/16 - 17:32:49 | 200 |     247.458µs |             ::1 | GET      "/api/workers/status"
2025/08/16 17:32:49 📋 [DLQ] Queue game.dlq.expired.q: attempting to peek up to 1000 messages
[GIN] 2025/08/16 - 17:32:49 | 200 |    2.988833ms |             ::1 | GET      "/api/rabbitmq/queues"
[GIN] 2025/08/16 - 17:32:49 | 200 |    4.425917ms |             ::1 | GET      "/api/pending/list"
2025/08/16 17:32:49 📋 [DLQ] Queue game.dlq.expired.q: retrieved 0 messages
2025/08/16 17:32:49 📋 [DLQ] Queue game.dlq.failed.q: attempting to peek up to 1000 messages
2025/08/16 17:32:49 📋 [DLQ] Queue game.dlq.failed.q: retrieved 0 messages
2025/08/16 17:32:49 📋 [DLQ] Queue game.dlq.retry.q: attempting to peek up to 1000 messages
2025/08/16 17:32:49 📋 [DLQ] Queue game.dlq.retry.q: retrieved 0 messages
2025/08/16 17:32:49 📋 [DLQ] Queue game.dlq.unroutable.q: attempting to peek up to 1000 messages
2025/08/16 17:32:49 📋 [DLQ] Queue game.dlq.unroutable.q: retrieved 1 messages
2025/08/16 17:32:49 🔍 [DLQ Categorize] Queue: game.dlq.unroutable.q
[GIN] 2025/08/16 - 17:32:49 | 200 |     15.0975ms |             ::1 | GET      "/api/dlq/list"
2025/08/16 17:32:49 📋 [DLQ] Queue game.dlq.expired.q: attempting to peek up to 1000 messages
2025/08/16 17:32:49 📊 [RabbitMQ-Go] Derived metrics: 5 queues, 1 total pending, 0 consumers
[GIN] 2025/08/16 - 17:32:49 | 200 |    1.626083ms |             ::1 | GET      "/api/rabbitmq/metrics"
2025/08/16 17:32:49 📋 [DLQ] Queue game.dlq.expired.q: retrieved 0 messages
2025/08/16 17:32:49 📋 [DLQ] Queue game.dlq.failed.q: attempting to peek up to 1000 messages
2025/08/16 17:32:49 📋 [DLQ] Queue game.dlq.failed.q: retrieved 0 messages
2025/08/16 17:32:49 📋 [DLQ] Queue game.dlq.retry.q: attempting to peek up to 1000 messages
2025/08/16 17:32:49 📋 [DLQ] Queue game.dlq.retry.q: retrieved 0 messages
2025/08/16 17:32:49 📋 [DLQ] Queue game.dlq.unroutable.q: attempting to peek up to 1000 messages
2025/08/16 17:32:49 📋 [DLQ] Queue game.dlq.unroutable.q: retrieved 1 messages
2025/08/16 17:32:49 🔍 [DLQ Categorize] Queue: game.dlq.unroutable.q
[GIN] 2025/08/16 - 17:32:49 | 200 |    9.079041ms |             ::1 | GET      "/api/dlq/list"
